D,cutoff_T,true_next_M,true_wait,baseline,confidence_nominal,window_width,hit,compression_vs_full_H
3,25316,25827,511,empirical_gap,0.5,743,True,0.0003762627336829589
3,25316,25827,511,empirical_gap,0.8,1841,True,0.000932301066904882
3,25316,25827,511,empirical_gap,0.95,3295,True,0.0016686214098053157
3,28989,28989,0,empirical_gap,0.5,743,True,0.00037696390329632865
3,28989,28989,0,empirical_gap,0.8,1722,True,0.0008736633128886647
3,28989,28989,0,empirical_gap,0.95,3270,True,0.0016590470575760358
3,48496,48496,0,empirical_gap,0.5,538,True,0.0002756848051554083
3,48496,48496,0,empirical_gap,0.8,1790,True,0.0009172412662233847
3,48496,48496,0,empirical_gap,0.95,2971,True,0.0015224155318154613
3,50632,51216,584,empirical_gap,0.5,538,False,0.00027598688395418414
3,50632,51216,584,empirical_gap,0.8,1604,True,0.0008228307841310619
3,50632,51216,584,empirical_gap,0.95,2903,True,0.0014892006024516664
3,69823,69823,0,empirical_gap,0.5,538,True,0.00027873091431511205
3,69823,69823,0,empirical_gap,0.8,1542,True,0.0007988904644496334
3,69823,69823,0,empirical_gap,0.95,2925,True,0.0015154050638879232
3,75949,76536,587,empirical_gap,0.5,615,True,0.00031963809691115257
3,75949,76536,587,empirical_gap,0.8,1624,True,0.0008440524705426208
3,75949,76536,587,empirical_gap,0.95,3091,True,0.0016065062724428822
3,93916,93916,0,empirical_gap,0.5,736,True,0.0003861319857886641
3,93916,93916,0,empirical_gap,0.8,1681,True,0.0008819128642809026
3,93916,93916,0,empirical_gap,0.95,2989,True,0.0015681365564161915
3,101265,101702,437,empirical_gap,0.5,742,True,0.00039078649732585114
3,101265,101702,437,empirical_gap,0.8,1744,True,0.0009185062686472836
3,101265,101702,437,empirical_gap,0.95,2967,True,0.0015626193228649601
3,119629,119629,0,empirical_gap,0.5,736,True,0.00039141212026775566
3,119629,119629,0,empirical_gap,0.8,1743,True,0.0009269447359058398
3,119629,119629,0,empirical_gap,0.95,2975,True,0.0015821345893975178
3,126582,127099,517,empirical_gap,0.5,739,True,0.00039446615757935495
3,126582,127099,517,empirical_gap,0.8,1746,True,0.0009319863479479753
3,126582,127099,517,empirical_gap,0.95,2964,True,0.0015821348999529204
3,143697,143697,0,empirical_gap,0.5,730,True,0.00039325476498179443
3,143697,143697,0,empirical_gap,0.8,1744,True,0.0009395017946962322
3,143697,143697,0,empirical_gap,0.95,2897,True,0.0015606288413044637
3,151898,153252,1354,empirical_gap,0.5,731,False,0.00039554093875770926
3,151898,153252,1354,empirical_gap,0.8,1743,True,0.0009431297623183136
3,151898,153252,1354,empirical_gap,0.95,2845,True,0.0015394171966698809
3,171463,171463,0,empirical_gap,0.5,736,True,0.0004025075784630007
3,171463,171463,0,empirical_gap,0.8,1753,True,0.0009586899253337505
3,171463,171463,0,empirical_gap,0.95,2949,True,0.0016127647403361266
3,177215,178175,960,empirical_gap,0.5,732,False,0.00040158329150174045
3,177215,178175,960,empirical_gap,0.8,1748,True,0.0009589721223292928
3,177215,178175,960,empirical_gap,0.95,2925,True,0.0016046873328450695
3,196072,196072,0,empirical_gap,0.5,730,True,0.00040467247029814935
3,196072,196072,0,empirical_gap,0.8,1754,True,0.0009723226204150055
3,196072,196072,0,empirical_gap,0.95,3003,True,0.0016647005867196473
3,202531,204242,1711,empirical_gap,0.5,732,False,0.00040723929035771963
3,202531,204242,1711,empirical_gap,0.8,1775,True,0.0009874996453346344
3,202531,204242,1711,empirical_gap,0.95,2975,True,0.0016551050393636831
3,214691,214691,0,empirical_gap,0.5,681,True,0.000381446573114234
3,214691,214691,0,empirical_gap,0.8,1774,True,0.0009936655223269472
3,214691,214691,0,empirical_gap,0.95,2989,True,0.0016742199809668802
3,227847,228145,298,empirical_gap,0.5,691,True,0.00038992118626326284
3,227847,228145,298,empirical_gap,0.8,1772,True,0.0009999136643393657
3,227847,228145,298,empirical_gap,0.95,3021,True,0.0017047060835040768
3,238023,238023,0,empirical_gap,0.5,700,True,0.0003972810087759375
3,238023,238023,0,empirical_gap,0.8,1750,True,0.0009932025219398437
3,238023,238023,0,empirical_gap,0.95,2975,True,0.0016884442872977343
3,253164,254227,1063,empirical_gap,0.5,700,False,0.0004007245099139244
3,253164,254227,1063,empirical_gap,0.8,1746,True,0.0009995214204424456
3,253164,254227,1063,empirical_gap,0.95,3018,True,0.0017276951013146054
3,270151,270151,0,empirical_gap,0.5,716,True,0.0004139089596837643
3,270151,270151,0,empirical_gap,0.8,1751,True,0.0010122270787797085
3,270151,270151,0,empirical_gap,0.95,3032,True,0.0017527541421245437
3,278480,278923,443,empirical_gap,0.5,681,True,0.0003955806496584414
3,278480,278923,443,empirical_gap,0.8,1744,True,0.0010130582276128073
3,278480,278923,443,empirical_gap,0.95,2982,True,0.0017321901575352015
3,291188,291188,0,empirical_gap,0.5,700,True,0.00040964131806190497
3,291188,291188,0,empirical_gap,0.8,1746,True,0.0010217624876229802
3,291188,291188,0,empirical_gap,0.95,3018,True,0.0017661392827297562
3,303797,305776,1979,empirical_gap,0.5,700,False,0.00041268645321344203
3,303797,305776,1979,empirical_gap,0.8,1738,False,0.0010246415081213746
3,303797,305776,1979,empirical_gap,0.95,2961,True,0.0017456636970928597
3,315376,315376,0,empirical_gap,0.5,681,True,0.00040424450797329255
3,315376,315376,0,empirical_gap,0.8,1744,True,0.001035245847144526
3,315376,315376,0,empirical_gap,0.95,3003,True,0.0017825936232654883
3,329113,329492,379,empirical_gap,0.5,670,True,0.00040098462672819886
3,329113,329492,379,empirical_gap,0.8,1748,True,0.0010461509365983456
3,329113,329492,379,empirical_gap,0.95,3177,True,0.0019013853121126684
3,343930,343930,0,empirical_gap,0.5,681,True,0.00041121450180246
3,343930,343930,0,empirical_gap,0.8,1748,True,0.0010555109385472837
3,343930,343930,0,empirical_gap,0.95,3234,True,0.0019528160041544138
3,354430,355493,1063,empirical_gap,0.5,700,False,0.00042538451721895756
3,354430,355493,1063,empirical_gap,0.8,1758,True,0.001068322830387039
3,354430,355493,1063,empirical_gap,0.95,3210,True,0.0019506918575326482
3,364330,364330,0,empirical_gap,0.5,659,True,0.0004028930040900671
3,364330,364330,0,empirical_gap,0.8,1743,True,0.0010656183704536978
3,364330,364330,0,empirical_gap,0.95,3177,True,0.0019423233292779106
3,379746,380943,1197,empirical_gap,0.5,670,False,0.0004135154117811158
3,379746,380943,1197,empirical_gap,0.8,1740,True,0.0010739056962673754
3,379746,380943,1197,empirical_gap,0.95,3085,True,0.0019040224557384212
3,386665,386665,0,empirical_gap,0.5,699,True,0.0004332640152231248
3,386665,386665,0,empirical_gap,0.8,1744,True,0.0010809906188113442
3,386665,386665,0,empirical_gap,0.95,3066,True,0.0019004112599057233
3,405063,405841,778,empirical_gap,0.5,681,False,0.00042697611253610644
3,405063,405841,778,empirical_gap,0.8,1746,True,0.001094714085885524
3,405063,405841,778,empirical_gap,0.95,3182,True,0.0019950631278853022
3,414595,414595,0,empirical_gap,0.5,681,True,0.00042954323974000335
3,414595,414595,0,empirical_gap,0.8,1746,True,0.001101295883386264
3,414595,414595,0,empirical_gap,0.95,3142,True,0.0019818279871704706
3,430379,430537,158,empirical_gap,0.5,699,True,0.0004453304332701971
3,430379,430537,158,empirical_gap,0.8,1740,True,0.0011085478596425506
3,430379,430537,158,empirical_gap,0.95,3162,True,0.002014499041488359
3,437152,437152,0,empirical_gap,0.5,681,True,0.0004357429513298798
3,437152,437152,0,empirical_gap,0.8,1735,True,0.0011101527467802371
3,437152,437152,0,empirical_gap,0.95,3121,True,0.0019969952292225477
3,455695,456215,520,empirical_gap,0.5,690,True,0.0004468029307682096
3,455695,456215,520,empirical_gap,0.8,1744,True,0.0011293105960286343
3,455695,456215,520,empirical_gap,0.95,3215,True,0.0020818426411881074
3,467198,467198,0,empirical_gap,0.5,700,True,0.0004566799886743363
3,467198,467198,0,empirical_gap,0.8,1745,True,0.0011384379717667382
3,467198,467198,0,empirical_gap,0.95,3227,True,0.00210529474778869
3,481012,481098,86,empirical_gap,0.5,700,True,0.00046083313363897544
3,481012,481098,86,empirical_gap,0.8,1744,True,0.0011481328358091045
3,481012,481098,86,empirical_gap,0.95,3237,True,0.0021310240765562336
3,497603,497603,0,empirical_gap,0.5,716,True,0.00047657177164224903
3,497603,497603,0,empirical_gap,0.8,1753,True,0.0011668021168838862
3,497603,497603,0,empirical_gap,0.95,3246,True,0.0021605474451825983
3,506328,506633,305,empirical_gap,0.5,718,True,0.00048069455677016105
3,506328,506633,305,empirical_gap,0.8,1754,True,0.001174287259853569
3,506328,506633,305,empirical_gap,0.95,3235,True,0.0021658034695702937
3,528149,528149,0,empirical_gap,0.5,713,True,0.00048442403476982386
3,528149,528149,0,empirical_gap,0.8,1777,True,0.0012073232956325063
3,528149,528149,0,empirical_gap,0.95,3264,True,0.0022176157776840183
3,531645,532475,830,empirical_gap,0.5,713,False,0.0004855773978363543
3,531645,532475,830,empirical_gap,0.8,1775,True,0.0012088357379516535
3,531645,532475,830,empirical_gap,0.95,3257,True,0.0022181284498639636
3,556961,557150,189,empirical_gap,0.5,716,True,0.0004961750860510354
3,556961,557150,189,empirical_gap,0.8,1783,True,0.0012355868413812794
3,556961,557150,189,empirical_gap,0.95,3290,True,0.0022799106607652325
3,562900,562900,0,empirical_gap,0.5,716,True,0.000498225593208545
3,562900,562900,0,empirical_gap,0.8,1792,True,0.0012469556746225036
3,562900,562900,0,empirical_gap,0.95,3305,True,0.0022997703708858117
3,582278,584565,2287,empirical_gap,0.5,719,False,0.0005071516136449882
3,582278,584565,2287,empirical_gap,0.8,1817,False,0.001281633493731493
3,582278,584565,2287,empirical_gap,0.95,3317,True,0.002339668849040926
3,594958,594958,0,empirical_gap,0.5,721,True,0.0005131519200137789
3,594958,594958,0,empirical_gap,0.8,1821,True,0.0012960466662206539
3,594958,594958,0,empirical_gap,0.95,3329,True,0.002369324191020624
3,607594,607951,357,empirical_gap,0.5,721,True,0.0005178087425650277
3,607594,607951,357,empirical_gap,0.8,1821,True,0.00130780821111084
3,607594,607951,357,empirical_gap,0.95,3309,True,0.002376462037652811
3,620928,620928,0,empirical_gap,0.5,721,True,0.0005228153424911825
3,620928,620928,0,empirical_gap,0.8,1828,True,0.0013255290514200854
3,620928,620928,0,empirical_gap,0.95,3300,True,0.002392913495452014
3,632911,633437,526,empirical_gap,0.5,730,True,0.0005339813282090632
3,632911,633437,526,empirical_gap,0.8,1825,True,0.001334953320522658
3,632911,633437,526,empirical_gap,0.95,3289,True,0.0024058419020268613
3,640100,640100,0,empirical_gap,0.5,719,True,0.0005287153467166704
3,640100,640100,0,empirical_gap,0.8,1799,True,0.001322891389072726
3,640100,640100,0,empirical_gap,0.95,3276,True,0.0024090006618133685
3,658227,659487,1260,empirical_gap,0.5,704,False,0.000524678913646347
3,658227,659487,1260,empirical_gap,0.8,1799,True,0.0013407633034797988
3,658227,659487,1260,empirical_gap,0.95,3275,True,0.002440800344022424
3,665982,665982,0,empirical_gap,0.5,713,True,0.0005344755468067148
3,665982,665982,0,empirical_gap,0.8,1799,True,0.00134855751571568
3,665982,665982,0,empirical_gap,0.95,3273,True,0.0024534901328167984
3,683543,684822,1279,empirical_gap,0.5,708,False,0.0005378071596717554
3,683543,684822,1279,empirical_gap,0.8,1795,True,0.0013635082649870068
3,683543,684822,1279,empirical_gap,0.95,3262,True,0.002477862930578059
3,687073,687073,0,empirical_gap,0.5,708,True,0.0005392531344088437
3,687073,687073,0,empirical_gap,0.8,1792,True,0.0013648892893511977
3,687073,687073,0,empirical_gap,0.95,3260,True,0.002483001720583094
3,702677,702677,0,empirical_gap,0.5,698,True,0.000538031006927342
3,702677,702677,0,empirical_gap,0.8,1756,True,0.0013535565159948602
3,702677,702677,0,empirical_gap,0.95,3255,True,0.0025090127901840945
3,708860,709169,309,empirical_gap,0.5,665,True,0.0005150487166380098
3,708860,709169,309,empirical_gap,0.8,1754,True,0.0013584893969670214
3,708860,709169,309,empirical_gap,0.95,3241,True,0.002510184797930511
3,726389,726389,0,empirical_gap,0.5,681,True,0.0005347001556990322
3,726389,726389,0,empirical_gap,0.8,1755,True,0.0013779717668895761
3,726389,726389,0,empirical_gap,0.95,3269,True,0.002566717781174943
3,734176,735008,832,empirical_gap,0.5,677,False,0.0005348294865636929
3,734176,735008,832,empirical_gap,0.8,1755,True,0.0013864486690092779
3,734176,735008,832,empirical_gap,0.95,3263,True,0.0025777675253431756
3,746659,746659,0,empirical_gap,0.5,675,True,0.0005385605354009803
3,746659,746659,0,empirical_gap,0.8,1749,True,0.0013954701872834288
3,746659,746659,0,empirical_gap,0.95,3246,True,0.002589877774683825
3,759493,760251,758,empirical_gap,0.5,661,False,0.000532846650603342
3,759493,760251,758,empirical_gap,0.8,1746,True,0.001407489034725318
3,759493,760251,758,empirical_gap,0.95,3225,True,0.0025997434919754585
3,764186,764186,0,empirical_gap,0.5,654,True,0.0005292058513659823
3,764186,764186,0,empirical_gap,0.8,1746,True,0.001412833970160558
3,764186,764186,0,empirical_gap,0.95,3241,True,0.0026225629423197987
3,784809,786749,1940,empirical_gap,0.5,649,False,0.0005340724215370259
3,784809,786749,1940,empirical_gap,0.8,1744,False,0.001435165336148803
3,784809,786749,1940,empirical_gap,0.95,3264,True,0.002685997509856475
3,790489,790489,0,empirical_gap,0.5,649,True,0.0005365804858327043
3,790489,790489,0,empirical_gap,0.8,1744,True,0.0014419050343485922
3,790489,790489,0,empirical_gap,0.95,3260,True,0.0026953041353075745
3,810126,810828,702,empirical_gap,0.5,660,False,0.0005546805796243972
3,810126,810828,702,empirical_gap,0.8,1748,True,0.0014690631108840095
3,810126,810828,702,empirical_gap,0.95,3262,True,0.002741466743537551
3,815917,815917,0,empirical_gap,0.5,660,True,0.000557393358404774
3,815917,815917,0,empirical_gap,0.8,1744,True,0.001472869722815039
3,815917,815917,0,empirical_gap,0.95,3255,True,0.002748962699405363
3,830973,830973,0,empirical_gap,0.5,649,True,0.0005551625411560212
3,830973,830973,0,empirical_gap,0.8,1737,True,0.0014858510539106453
3,830973,830973,0,empirical_gap,0.95,3227,True,0.0027604152855323274
3,835442,835571,129,empirical_gap,0.5,649,True,0.0005572929815432121
3,835442,835571,129,empirical_gap,0.8,1735,True,0.0014898356286247659
3,835442,835571,129,empirical_gap,0.95,3219,True,0.0027641388406588595
3,851506,851506,0,empirical_gap,0.5,649,True,0.0005650878454741601
3,851506,851506,0,empirical_gap,0.8,1733,True,0.0015089325673447141
3,851506,851506,0,empirical_gap,0.95,3222,True,0.0028054130017222552
3,860759,860952,193,empirical_gap,0.5,648,True,0.0005687997535201068
3,860759,860952,193,empirical_gap,0.8,1731,True,0.0015194326749125076
3,860759,860952,193,empirical_gap,0.95,3211,True,0.0028185432230757143
3,880426,880426,0,empirical_gap,0.5,653,True,0.0005832575604649625
3,880426,880426,0,empirical_gap,0.8,1729,True,0.0015443373997609806
3,880426,880426,0,empirical_gap,0.95,3218,True,0.002874307549121362
3,886075,886964,889,empirical_gap,0.5,657,False,0.000589806315505981
3,886075,886964,889,empirical_gap,0.8,1726,True,0.0015494759521511772
3,886075,886964,889,empirical_gap,0.95,3233,True,0.002902349799133694
3,907472,907472,0,empirical_gap,0.5,665,True,0.0006086800521359635
3,907472,907472,0,empirical_gap,0.8,1724,True,0.001577991593808122
3,907472,907472,0,empirical_gap,0.95,3260,True,0.0029839052179898365
3,911391,913598,2207,empirical_gap,0.5,665,False,0.0006108713045730837
3,911391,913598,2207,empirical_gap,0.8,1719,False,0.0015790793572347831
3,911391,913598,2207,empirical_gap,0.95,3255,True,0.002990054280278778
3,933440,933440,0,empirical_gap,0.5,665,True,0.0006234998499849985
3,933440,933440,0,empirical_gap,0.8,1719,True,0.0016117236723672368
3,933440,933440,0,empirical_gap,0.95,3270,True,0.003065931593159316
3,936708,938849,2141,empirical_gap,0.5,665,False,0.0006254161603773939
3,936708,938849,2141,empirical_gap,0.8,1713,False,0.0016110344101150013
3,936708,938849,2141,empirical_gap,0.95,3269,True,0.0030744141778551895
3,962024,963715,1691,empirical_gap,0.5,675,False,0.0006503040532729081
3,962024,963715,1691,empirical_gap,0.8,1721,True,0.0016580344824928515
3,962024,963715,1691,empirical_gap,0.95,3269,True,0.0031493984446653873
3,963715,963715,0,empirical_gap,0.5,675,True,0.0006513652132376711
3,963715,963715,0,empirical_gap,0.8,1721,True,0.001660740047380788
3,963715,963715,0,empirical_gap,0.95,3269,True,0.003154537603072514
3,987341,988709,1368,empirical_gap,0.5,676,False,0.0006675494909935131
3,987341,988709,1368,empirical_gap,0.8,1730,True,0.0017083736973650557
3,987341,988709,1368,empirical_gap,0.95,3278,True,0.0032370225317703196
3,990489,990489,0,empirical_gap,0.5,677,True,0.0006706217168510299
3,990489,990489,0,empirical_gap,0.8,1733,True,0.001716672725705812
3,990489,990489,0,empirical_gap,0.95,3276,True,0.0032451355161063128
3,1012657,1012929,272,empirical_gap,0.5,677,True,0.0006856786344765699
3,1012657,1012929,272,empirical_gap,0.8,1737,True,0.00175926704296278
3,1012657,1012929,272,empirical_gap,0.95,3268,True,0.003309893319748051
3,1020753,1020753,0,empirical_gap,0.5,680,True,0.0006944111138456386
3,1020753,1020753,0,empirical_gap,0.8,1740,True,0.0017768754971932517
3,1020753,1020753,0,empirical_gap,0.95,3273,True,0.0033423640817893748
3,1037974,1042364,4390,empirical_gap,0.5,681,False,0.0007078810759792355
3,1037974,1042364,4390,empirical_gap,0.8,1742,False,0.0018107618713007756
3,1037974,1042364,4390,empirical_gap,0.95,3265,False,0.0033938791675069075
3,1047599,1047599,0,empirical_gap,0.5,681,True,0.0007150349485143337
3,1047599,1047599,0,empirical_gap,0.8,1744,True,0.0018311614540513922
3,1047599,1047599,0,empirical_gap,0.95,3289,True,0.0034533773064077
3,1063290,1063691,401,empirical_gap,0.5,680,True,0.0007259450630397882
3,1063290,1063691,401,empirical_gap,0.8,1749,True,0.0018671734047891024
3,1063290,1063691,401,empirical_gap,0.95,3297,True,0.0035197659894737965
3,1072503,1072503,0,empirical_gap,0.5,677,True,0.0007299214983983776
3,1072503,1072503,0,empirical_gap,0.8,1742,True,0.001878173190856682
3,1072503,1072503,0,empirical_gap,0.95,3284,True,0.003540712261063917
3,1088607,1089096,489,empirical_gap,0.5,677,True,0.0007428189595487348
3,1088607,1089096,489,empirical_gap,0.8,1742,True,0.001911359863417867
3,1088607,1089096,489,empirical_gap,0.95,3271,True,0.0035890115460619075
3,1102473,1102473,0,empirical_gap,0.5,677,True,0.0007542948568678157
3,1102473,1102473,0,empirical_gap,0.8,1743,True,0.0019420028589669169
3,1102473,1102473,0,empirical_gap,0.95,3280,True,0.0036544861603049266
3,1113923,1114218,295,empirical_gap,0.5,679,True,0.0007662990913882203
3,1113923,1114218,295,empirical_gap,0.8,1737,True,0.0019603262470417357
3,1113923,1114218,295,empirical_gap,0.95,3270,True,0.003690424195639882
3,1121464,1121464,0,empirical_gap,0.5,679,True,0.0007728766948650938
3,1121464,1121464,0,empirical_gap,0.8,1737,True,0.001977152899824253
3,1121464,1121464,0,empirical_gap,0.95,3267,True,0.003718686542156497
3,1139239,1140226,987,empirical_gap,0.5,676,False,0.0007853515668112287
3,1139239,1140226,987,empirical_gap,0.8,1743,True,0.0020249523386863485
3,1139239,1140226,987,empirical_gap,0.95,3269,True,0.0037978021773756015
3,1156905,1156905,0,empirical_gap,0.5,679,True,0.0008053659433397186
3,1156905,1156905,0,empirical_gap,0.8,1746,True,0.0020709409971592764
3,1156905,1156905,0,empirical_gap,0.95,3285,True,0.0038963580616656487
3,1164556,1165929,1373,empirical_gap,0.5,678,False,0.0008115445200396436
3,1164556,1165929,1373,empirical_gap,0.8,1744,True,0.0020875127477125934
3,1164556,1165929,1373,empirical_gap,0.95,3279,True,0.003924859116828896
3,1178591,1178591,0,empirical_gap,0.5,677,True,0.0008241935503506779
3,1178591,1178591,0,empirical_gap,0.8,1744,True,0.0021231810218782605
3,1178591,1178591,0,empirical_gap,0.95,3283,True,0.003996790880060969
3,1189872,1190264,392,empirical_gap,0.5,675,True,0.0008332016668970829
3,1189872,1190264,392,empirical_gap,0.8,1744,True,0.002152746232694093
3,1189872,1190264,392,empirical_gap,0.95,3288,True,0.00405861789741868
3,1205984,1205984,0,empirical_gap,0.5,677,True,0.0008526276548583404
3,1205984,1205984,0,empirical_gap,0.8,1746,True,0.002198948132027566
3,1205984,1205984,0,empirical_gap,0.95,3291,True,0.004144752750574296
3,1215189,1215871,682,empirical_gap,0.5,677,False,0.0008626280722365003
3,1215189,1215871,682,empirical_gap,0.8,1745,True,0.002223465267433815
3,1215189,1215871,682,empirical_gap,0.95,3296,True,0.004199737261582725
3,1228860,1228860,0,empirical_gap,0.5,677,True,0.0008779210000778068
3,1228860,1228860,0,empirical_gap,0.8,1742,True,0.002258993178929896
3,1228860,1228860,0,empirical_gap,0.95,3289,True,0.004265113987084058
3,1240505,1241404,899,empirical_gap,0.5,679,False,0.000894015102140238
3,1240505,1241404,899,empirical_gap,0.8,1742,True,0.0022936293194820243
3,1240505,1241404,899,empirical_gap,0.95,3281,True,0.00431997577337573
3,1251721,1251721,0,empirical_gap,0.5,680,True,0.0009087519494733916
3,1251721,1251721,0,empirical_gap,0.8,1740,True,0.0023253358707113255
3,1251721,1251721,0,empirical_gap,0.95,3275,True,0.004376709756654938
3,1265822,1268686,2864,empirical_gap,0.5,681,False,0.0009275679739790624
3,1265822,1268686,2864,empirical_gap,0.8,1742,False,0.0023727216015734603
3,1265822,1268686,2864,empirical_gap,0.95,3291,True,0.004482564173810711
3,1283537,1283537,0,empirical_gap,0.5,684,True,0.0009546899142035248
3,1283537,1283537,0,empirical_gap,0.8,1742,True,0.0024313886411440645
3,1283537,1283537,0,empirical_gap,0.95,3308,True,0.00461712607629424
3,1291138,1291655,517,empirical_gap,0.5,680,True,0.0009592840355386521
3,1291138,1291655,517,empirical_gap,0.8,1736,True,0.0024489957142575
3,1291138,1291655,517,empirical_gap,0.95,3297,True,0.004651116860545494
3,1302150,1302150,0,empirical_gap,0.5,680,True,0.00097442143727162
3,1302150,1302150,0,empirical_gap,0.8,1735,True,0.002486207637744501
3,1302150,1302150,0,empirical_gap,0.95,3305,True,0.004735974779680447
3,1316455,1319140,2685,empirical_gap,0.5,681,False,0.000996276763051445
3,1316455,1319140,2685,empirical_gap,0.8,1736,False,0.0025397011169710844
3,1316455,1319140,2685,empirical_gap,0.95,3296,True,0.004821921014710078
3,1334789,1334789,0,empirical_gap,0.5,684,True,0.0010282451733359791
3,1334789,1334789,0,empirical_gap,0.8,1742,True,0.0026187179706889992
3,1334789,1334789,0,empirical_gap,0.95,3313,True,0.004980374648044004
3,1341771,1341970,199,empirical_gap,0.5,684,True,0.0010391520276377979
3,1341771,1341970,199,empirical_gap,0.8,1742,True,0.002646495368633105
3,1341771,1341970,199,empirical_gap,0.95,3320,True,0.005043837327130832
3,1358085,1358085,0,empirical_gap,0.5,684,True,0.0010655616397809678
3,1358085,1358085,0,empirical_gap,0.8,1742,True,0.002713754936401237
3,1358085,1358085,0,empirical_gap,0.95,3312,True,0.005159561624202581
3,1367087,1368095,1008,empirical_gap,0.5,686,False,0.0010838772469517928
3,1367087,1368095,1008,empirical_gap,0.8,1743,True,0.0027539330050101673
3,1367087,1368095,1008,empirical_gap,0.95,3310,True,0.00522978671634174
3,1392404,1392791,387,empirical_gap,0.5,690,True,0.0011356230126597278
3,1392404,1392791,387,empirical_gap,0.8,1752,True,0.0028834949538838308
3,1392404,1392791,387,empirical_gap,0.95,3322,True,0.005467448765297994
3,1403616,1403616,0,empirical_gap,0.5,698,True,0.0011703868648387616
3,1403616,1403616,0,empirical_gap,0.8,1758,True,0.002947765198261523
3,1403616,1403616,0,empirical_gap,0.95,3318,True,0.005563529538015775
3,1417720,1419495,1775,empirical_gap,0.5,699,False,0.001200453390121591
3,1417720,1419495,1775,empirical_gap,0.8,1761,False,0.0030243181974307894
3,1417720,1419495,1775,empirical_gap,0.95,3322,True,0.005705159030019922
3,1429306,1429306,0,empirical_gap,0.5,699,True,0.0012248245119100604
3,1429306,1429306,0,empirical_gap,0.8,1761,True,0.003085716688803457
3,1429306,1429306,0,empirical_gap,0.95,3317,True,0.005812221610880787
3,1443037,1443996,959,empirical_gap,0.5,699,False,0.001255020530986798
3,1443037,1443996,959,empirical_gap,0.8,1759,True,0.003158199018606263
3,1443037,1443996,959,empirical_gap,0.95,3319,True,0.005959103207933023
3,1449461,1449461,0,empirical_gap,0.5,693,True,0.001258766408919259
3,1449461,1449461,0,empirical_gap,0.8,1760,True,0.0031968670702711343
3,1449461,1449461,0,empirical_gap,0.95,3315,True,0.00602137178292546
3,1468353,1468647,294,empirical_gap,0.5,692,True,0.001301615545653413
3,1468353,1468647,294,empirical_gap,0.8,1761,True,0.003312348231063093
3,1468353,1468647,294,empirical_gap,0.95,3316,True,0.006237221314142655
3,1478354,1478354,0,empirical_gap,0.5,699,True,0.0013399891880700706
3,1478354,1478354,0,empirical_gap,0.8,1772,True,0.003396939687067475
3,1478354,1478354,0,empirical_gap,0.95,3313,True,0.00635105032915042
3,1493670,1496788,3118,empirical_gap,0.5,699,False,0.0013805225840854778
3,1493670,1496788,3118,empirical_gap,0.8,1761,False,0.003477968913554401
3,1493670,1496788,3118,empirical_gap,0.95,3307,True,0.006531313570201252
3,1515444,1515444,0,empirical_gap,0.5,699,True,0.0014425577229463674
3,1515444,1515444,0,empirical_gap,0.8,1773,True,0.00365901980369658
3,1515444,1515444,0,empirical_gap,0.95,3334,True,0.0068805256771147195
3,1518986,1521816,2830,empirical_gap,0.5,699,False,0.0014531801569185097
3,1518986,1521816,2830,empirical_gap,0.8,1770,False,0.00367972657760481
3,1518986,1521816,2830,empirical_gap,0.95,3327,True,0.006916638600955482
3,1530280,1530280,0,empirical_gap,0.5,690,True,0.0014689602316273526
3,1530280,1530280,0,empirical_gap,0.8,1758,True,0.0037426551988418632
3,1530280,1530280,0,empirical_gap,0.95,3330,True,0.007089329813505918
3,1544303,1548102,3799,empirical_gap,0.5,685,False,0.0015031918138587702
3,1544303,1548102,3799,empirical_gap,0.8,1753,False,0.0038468543791159476
3,1544303,1548102,3799,empirical_gap,0.95,3329,False,0.007305292771293206
3,1549307,1549307,0,empirical_gap,0.5,684,True,0.001517662799289095
3,1549307,1549307,0,empirical_gap,0.8,1754,True,0.0038917844297559536
3,1549307,1549307,0,empirical_gap,0.95,3346,True,0.0074241224070487
3,1569619,1571364,1745,empirical_gap,0.5,683,False,0.001586965967363801
3,1569619,1571364,1745,empirical_gap,0.8,1751,True,0.004068488153519788
3,1569619,1571364,1745,empirical_gap,0.95,3342,True,0.007765212683645421
3,1571364,1571364,0,empirical_gap,0.5,683,True,0.001593426590393714
3,1571364,1571364,0,empirical_gap,0.8,1751,True,0.0040850511856213665
3,1571364,1571364,0,empirical_gap,0.95,3342,True,0.0077968252783247325
3,1585948,1585948,0,empirical_gap,0.5,681,True,0.0016447209529237873
3,1585948,1585948,0,empirical_gap,0.8,1744,True,0.004212031339058862
3,1585948,1585948,0,empirical_gap,0.95,3322,True,0.008023146851120148
3,1594935,1596598,1663,empirical_gap,0.5,682,False,0.0016836803969733252
3,1594935,1596598,1663,empirical_gap,0.8,1746,True,0.004310419315418513
3,1594935,1596598,1663,empirical_gap,0.95,3320,True,0.008196215422216187
3,1616977,1616977,0,empirical_gap,0.5,684,True,0.0017857935424243452
3,1616977,1616977,0,empirical_gap,0.8,1753,True,0.004576748654780523
3,1616977,1616977,0,empirical_gap,0.95,3334,True,0.008704438114682408
3,1620252,1622992,2740,empirical_gap,0.5,681,False,0.0017932945005635316
3,1620252,1622992,2740,empirical_gap,0.8,1750,False,0.0046083192011544495
3,1620252,1622992,2740,empirical_gap,0.95,3327,True,0.00876107313270906
3,1643071,1643071,0,empirical_gap,0.5,684,True,0.0019163475088883224
3,1643071,1643071,0,empirical_gap,0.8,1755,True,0.004916944266226617
3,1643071,1643071,0,empirical_gap,0.95,3318,True,0.009295966424695108
3,1645568,1645596,28,empirical_gap,0.5,684,True,0.0019298483206933912
3,1645568,1645596,28,empirical_gap,0.8,1756,True,0.004954405922715782
3,1645568,1645596,28,empirical_gap,0.95,3317,True,0.009358635789093536
3,1662793,1662793,0,empirical_gap,0.5,686,True,0.0020343587173457254
3,1662793,1662793,0,empirical_gap,0.8,1749,True,0.005186725067984947
3,1662793,1662793,0,empirical_gap,0.95,3308,True,0.009809998013089882
3,1670885,1671081,196,empirical_gap,0.5,688,True,0.0020904547042826975
3,1670885,1671081,196,empirical_gap,0.8,1749,True,0.005314251857253543
3,1670885,1671081,196,empirical_gap,0.95,3305,True,0.01004208255473011
3,1686323,1686323,0,empirical_gap,0.5,688,True,0.002193339007960418
3,1686323,1686323,0,empirical_gap,0.8,1750,True,0.0055789873022249
3,1686323,1686323,0,empirical_gap,0.95,3295,True,0.010504436091903454
3,1696201,1697013,812,empirical_gap,0.5,688,False,0.0022646552490297863
3,1696201,1697013,812,empirical_gap,0.8,1752,True,0.005766970924854921
3,1696201,1697013,812,empirical_gap,0.95,3299,True,0.010859153585100674
3,1706437,1706437,0,empirical_gap,0.5,688,True,0.0023436195978376023
3,1706437,1706437,0,empirical_gap,0.8,1746,True,0.005947616014279729
3,1706437,1706437,0,empirical_gap,0.95,3294,True,0.011220760109414333
3,1721518,1721675,157,empirical_gap,0.5,684,True,0.002456173109931701
3,1721518,1721675,157,empirical_gap,0.8,1744,True,0.006262523251053928
3,1721518,1721675,157,empirical_gap,0.95,3295,True,0.011832003504714847
3,1736050,1736050,0,empirical_gap,0.5,688,True,0.0026065542716423567
3,1736050,1736050,0,empirical_gap,0.8,1745,True,0.00661110058723243
3,1736050,1736050,0,empirical_gap,0.95,3294,True,0.012479636294752794
3,1746834,1747383,549,empirical_gap,0.5,688,True,0.0027175845097682943
3,1746834,1747383,549,empirical_gap,0.8,1751,True,0.006916410576459715
3,1746834,1747383,549,empirical_gap,0.95,3292,True,0.013003325881042478
3,1761773,1761773,0,empirical_gap,0.5,690,True,0.0028963971338261405
3,1761773,1761773,0,empirical_gap,0.8,1748,True,0.0073375394056928896
3,1761773,1761773,0,empirical_gap,0.95,3294,True,0.013827148056265663
3,1772151,1774460,2309,empirical_gap,0.5,694,False,0.0030458768745967725
3,1772151,1774460,2309,empirical_gap,0.8,1752,False,0.007689303003304821
3,1772151,1774460,2309,empirical_gap,0.95,3292,True,0.01444816523223714
3,1783091,1783091,0,empirical_gap,0.5,693,True,0.003194888178913738
3,1783091,1783091,0,empirical_gap,0.8,1746,True,0.008049458528691756
3,1783091,1783091,0,empirical_gap,0.95,3285,True,0.015144599809136551
3,1797467,1801794,4327,empirical_gap,0.5,693,False,0.0034216646176178696
3,1797467,1801794,4327,empirical_gap,0.8,1742,False,0.008601067480361225
3,1797467,1801794,4327,empirical_gap,0.95,3273,False,0.01616032942779695
3,1805979,1805979,0,empirical_gap,0.5,693,True,0.0035717783126568772
3,1805979,1805979,0,empirical_gap,0.8,1744,True,0.008988717716123513
3,1805979,1805979,0,empirical_gap,0.95,3283,True,0.01692084877410177
3,1822783,1825169,2386,empirical_gap,0.5,698,False,0.003938674054972153
3,1822783,1825169,2386,empirical_gap,0.8,1736,False,0.009795899941879165
3,1822783,1825169,2386,empirical_gap,0.95,3271,True,0.018457597183114488
3,1828434,1828434,0,empirical_gap,0.5,699,True,0.004074233822552254
3,1828434,1828434,0,empirical_gap,0.8,1737,True,0.010124383619131996
3,1828434,1828434,0,empirical_gap,0.95,3280,True,0.019118007064336758
3,1847517,1847517,0,empirical_gap,0.5,694,True,0.0045513270331774686
3,1847517,1847517,0,empirical_gap,0.8,1734,True,0.011371759474826703
3,1847517,1847517,0,empirical_gap,0.95,3269,True,0.02143845543437629
3,1848100,1848599,499,empirical_gap,0.5,696,True,0.004581961816984858
3,1848100,1848599,499,empirical_gap,0.8,1735,True,0.011421988150098749
3,1848100,1848599,499,empirical_gap,0.95,3268,True,0.02151415404871626
3,1873416,1874418,1002,empirical_gap,0.5,700,False,0.005529924793022815
3,1873416,1874418,1002,empirical_gap,0.8,1732,True,0.013682613916450736
3,1873416,1874418,1002,empirical_gap,0.95,3267,True,0.025808948998293623
3,1874418,1874418,0,empirical_gap,0.5,700,True,0.005574047236068864
3,1874418,1874418,0,empirical_gap,0.8,1732,True,0.013791785446958959
3,1874418,1874418,0,empirical_gap,0.95,3267,True,0.026014874743195682
3,1898733,1899745,1012,empirical_gap,0.5,703,False,0.006942044298735027
3,1898733,1899745,1012,empirical_gap,0.8,1733,True,0.01711317605932831
3,1898733,1899745,1012,empirical_gap,0.95,3275,True,0.032340249044604856
3,1904159,1904159,0,empirical_gap,0.5,707,True,0.007376801160255006
3,1904159,1904159,0,empirical_gap,0.8,1729,True,0.018040295906762243
3,1904159,1904159,0,empirical_gap,0.95,3273,True,0.0341503114533446
3,1924049,1924379,330,empirical_gap,0.5,712,True,0.00937446511566668
3,1924049,1924379,330,empirical_gap,0.8,1724,True,0.02269884530815921
3,1924049,1924379,330,empirical_gap,0.95,3266,True,0.04300140880304407
3,1928736,1928736,0,empirical_gap,0.5,713,True,0.010005051638976201
3,1928736,1928736,0,empirical_gap,0.8,1724,True,0.024191737763807813
3,1928736,1928736,0,empirical_gap,0.95,3264,True,0.04580152671755725
3,1949366,1950273,907,empirical_gap,0.5,719,False,0.014199944701188924
3,1949366,1950273,907,empirical_gap,0.8,1724,True,0.03404826796223881
3,1949366,1950273,907,empirical_gap,0.95,3253,True,0.06424536872457243
3,1950616,1950616,0,empirical_gap,0.5,719,True,0.014559371456342136
3,1950616,1950616,0,empirical_gap,0.8,1723,True,0.03488984286408554
3,1950616,1950616,0,empirical_gap,0.95,3252,True,0.06585128786651546
3,1974682,1974969,287,empirical_gap,0.5,719,True,0.028398767675171816
3,1974682,1974969,287,empirical_gap,0.8,1720,True,0.06793585591278932
3,1974682,1974969,287,empirical_gap,0.95,3261,True,0.1288016430997709
3,1974969,1974969,0,empirical_gap,0.5,719,True,0.028724381766609405
3,1974969,1974969,0,empirical_gap,0.8,1720,True,0.06871479365586673
3,1974969,1974969,0,empirical_gap,0.95,3261,True,0.13027845471615196
4,54935,54935,0,empirical_gap,0.5,4144,True,0.0021305200597409343
4,54935,54935,0,empirical_gap,0.8,13344,True,0.00686043911128934
4,54935,54935,0,empirical_gap,0.95,18177,True,0.009345188978260366
4,75949,93040,17091,empirical_gap,0.5,4144,False,0.0021537890627639287
4,75949,93040,17091,empirical_gap,0.8,11091,False,0.00576440021600259
4,75949,93040,17091,empirical_gap,0.95,17371,True,0.009028346961696961
4,93040,93040,0,empirical_gap,0.5,4144,True,0.0021730922515417208
4,93040,93040,0,empirical_gap,0.8,11091,True,0.0058160632629945044
4,93040,93040,0,empirical_gap,0.95,17371,True,0.009109262910601166
4,101265,102312,1047,empirical_gap,0.5,6332,True,0.0033348518882308485
4,101265,102312,1047,empirical_gap,0.8,16566,True,0.008724756219272305
4,101265,102312,1047,empirical_gap,0.95,26156,True,0.013775487363955476
4,119628,119628,0,empirical_gap,0.5,8520,True,0.004531018330415471
4,119628,119628,0,empirical_gap,0.8,14955,True,0.007953213513070817
4,119628,119628,0,empirical_gap,0.95,25666,True,0.01364942681554501
4,126582,129327,2745,empirical_gap,0.5,8896,True,0.0047485398346765115
4,126582,129327,2745,empirical_gap,0.8,17811,True,0.009507221559737336
4,126582,129327,2745,empirical_gap,0.95,25176,True,0.013438538542919947
4,130641,130641,0,empirical_gap,0.5,9272,True,0.004959988958782128
4,130641,130641,0,empirical_gap,0.8,17316,True,0.009263068249597857
4,130641,130641,0,empirical_gap,0.95,24686,True,0.013205596142848965
4,151898,154372,2474,empirical_gap,0.5,9272,True,0.005017039102820082
4,151898,154372,2474,empirical_gap,0.8,16240,True,0.008787393769391517
4,151898,154372,2474,empirical_gap,0.95,23707,True,0.012827755178015066
4,154372,154372,0,empirical_gap,0.5,9272,True,0.005023764268855912
4,154372,154372,0,empirical_gap,0.8,16240,True,0.008799172964432703
4,154372,154372,0,empirical_gap,0.95,23707,True,0.012844950336687566
4,171927,171927,0,empirical_gap,0.5,9272,True,0.0050720075182993235
4,171927,171927,0,empirical_gap,0.8,15163,True,0.008294526531489717
4,171927,171927,0,empirical_gap,0.95,22727,True,0.012432216875365481
4,177215,196072,18857,empirical_gap,0.5,9190,False,0.005041735585930321
4,177215,196072,18857,empirical_gap,0.8,14624,False,0.008022888053171383
4,177215,196072,18857,empirical_gap,0.95,22237,True,0.012199464007000277
4,202376,202376,0,empirical_gap,0.5,9272,True,0.005157919564936828
4,202376,202376,0,empirical_gap,0.8,16778,True,0.009333431240348371
4,202376,202376,0,empirical_gap,0.95,25233,True,0.014036861991161666
4,202531,204242,1711,empirical_gap,0.5,9190,True,0.005112744642605797
4,202531,204242,1711,empirical_gap,0.8,16240,True,0.009034926332526458
4,202531,204242,1711,empirical_gap,0.95,24961,True,0.01388674853363257
4,211057,211057,0,empirical_gap,0.5,9107,True,0.005090715578975965
4,211057,211057,0,empirical_gap,0.8,15701,True,0.00877669104046356
4,211057,211057,0,empirical_gap,0.95,24689,True,0.01380088689242754
4,213050,213050,0,empirical_gap,0.5,8520,True,0.004767900612775959
4,213050,213050,0,empirical_gap,0.8,14624,True,0.008183776826436106
4,213050,213050,0,empirical_gap,0.95,24145,True,0.013511849799938443
4,215287,215287,0,empirical_gap,0.5,6815,True,0.00381854113238375
4,215287,215287,0,empirical_gap,0.8,14353,True,0.008042189416449592
4,215287,215287,0,empirical_gap,0.95,23710,True,0.013285049192783378
4,227847,235899,8052,empirical_gap,0.5,6560,False,0.0037017119853646947
4,227847,235899,8052,empirical_gap,0.8,14217,True,0.008022445014623455
4,227847,235899,8052,empirical_gap,0.95,23492,True,0.013256191762223691
4,237790,237790,0,empirical_gap,0.5,6815,True,0.0038673029888605785
4,237790,237790,0,empirical_gap,0.8,15163,True,0.00860453634924328
4,237790,237790,0,empirical_gap,0.95,23439,True,0.013300911923096567
4,253164,254227,1063,empirical_gap,0.5,6560,True,0.0037553611214790625
4,253164,254227,1063,empirical_gap,0.8,14624,True,0.008371707475687471
4,253164,254227,1063,empirical_gap,0.95,23262,True,0.013316647928025298
4,254523,254523,0,empirical_gap,0.5,6815,True,0.0039043768551519156
4,254523,254523,0,empirical_gap,0.8,16075,True,0.009209516940068531
4,254523,254523,0,empirical_gap,0.95,23086,True,0.013226184017320194
4,278480,293799,15319,empirical_gap,0.5,6815,False,0.0039587109066406435
4,278480,293799,15319,empirical_gap,0.8,16789,True,0.009752428086807008
4,278480,293799,15319,empirical_gap,0.95,22874,True,0.013287095125238162
4,293799,293799,0,empirical_gap,0.5,6815,True,0.003994253900917887
4,293799,293799,0,empirical_gap,0.8,16789,True,0.00983998954402207
4,293799,293799,0,empirical_gap,0.95,22874,True,0.013406392330094755
4,303797,327260,23463,empirical_gap,0.5,6815,False,0.004017797398070868
4,303797,327260,23463,empirical_gap,0.8,17316,False,0.010208683748348516
4,303797,327260,23463,empirical_gap,0.95,22556,False,0.01329793662668914
4,327260,327260,0,empirical_gap,0.5,6815,True,0.004074153783612516
4,327260,327260,0,empirical_gap,0.8,17316,True,0.010351877757451845
4,327260,327260,0,empirical_gap,0.95,22556,True,0.01348446261821921
4,329113,329492,379,empirical_gap,0.5,7668,True,0.00458917928022661
4,329113,329492,379,empirical_gap,0.8,18111,True,0.01083915309652897
4,329113,329492,379,empirical_gap,0.95,26593,True,0.015915498774004465
4,337736,337736,0,empirical_gap,0.5,6815,True,0.004099830111221803
4,337736,337736,0,empirical_gap,0.8,17912,True,0.010775664996655164
4,337736,337736,0,empirical_gap,0.95,26321,True,0.015834428225600748
4,351142,351142,0,empirical_gap,0.5,6815,True,0.004133163680559515
4,351142,351142,0,empirical_gap,0.8,17515,True,0.010622503575201746
4,351142,351142,0,empirical_gap,0.95,25777,True,0.015633244342447925
4,354430,371813,17383,empirical_gap,0.5,7014,False,0.0042623528625339545
4,354430,371813,17383,empirical_gap,0.8,17316,False,0.010522797571662098
4,354430,371813,17383,empirical_gap,0.95,25505,True,0.015499188730956447
4,379746,387791,8045,empirical_gap,0.5,7212,False,0.004451153954873742
4,379746,387791,8045,empirical_gap,0.8,18111,True,0.011177877048907147
4,379746,387791,8045,empirical_gap,0.95,25233,True,0.015573484157422232
4,387791,387791,0,empirical_gap,0.5,7212,True,0.004473365425946636
4,387791,387791,0,empirical_gap,0.8,18111,True,0.011233655189866822
4,387791,387791,0,empirical_gap,0.95,25233,True,0.01565119658803542
4,405063,407465,2402,empirical_gap,0.5,7728,True,0.004845332448867886
4,405063,407465,2402,empirical_gap,0.8,17912,True,0.011230537632520908
4,405063,407465,2402,empirical_gap,0.95,24961,True,0.01565014793687776
4,414595,414595,0,empirical_gap,0.5,8244,True,0.005199933140112464
4,414595,414595,0,empirical_gap,0.8,18856,True,0.011893490937646847
4,414595,414595,0,empirical_gap,0.95,24690,True,0.015573307766785144
4,422764,422764,0,empirical_gap,0.5,7212,True,0.004572556041074385
4,422764,422764,0,empirical_gap,0.8,18309,True,0.011608281829732519
4,422764,422764,0,empirical_gap,0.95,24145,True,0.015308425625588054
4,430379,433763,3384,empirical_gap,0.5,7130,True,0.004542497838650222
4,430379,433763,3384,empirical_gap,0.8,17912,True,0.011411671989607682
4,430379,433763,3384,empirical_gap,0.95,23828,True,0.015180734712392355
4,433763,433763,0,empirical_gap,0.5,7130,True,0.004552312325656973
4,433763,433763,0,empirical_gap,0.8,17912,True,0.011436327963137123
4,433763,433763,0,empirical_gap,0.95,23828,True,0.015213534094776205
4,443553,443553,0,empirical_gap,0.5,6815,True,0.004378562199676571
4,443553,443553,0,empirical_gap,0.8,17515,True,0.011253193973196646
4,443553,443553,0,empirical_gap,0.95,23510,True,0.015104915233220276
4,455695,467198,11503,empirical_gap,0.5,6973,False,0.004515299762676415
4,455695,467198,11503,empirical_gap,0.8,17316,True,0.01121281094084394
4,455695,467198,11503,empirical_gap,0.95,23351,True,0.015120717733867339
4,468082,468082,0,empirical_gap,0.5,7130,True,0.004654296117677317
4,468082,468082,0,empirical_gap,0.8,18111,True,0.01182243436006366
4,468082,468082,0,empirical_gap,0.95,23995,True,0.015663371015942108
4,481012,490180,9168,empirical_gap,0.5,6973,False,0.004590556344092251
4,481012,490180,9168,empirical_gap,0.8,17912,True,0.011792061556773325
4,481012,490180,9168,empirical_gap,0.95,23970,True,0.01578024316189463
4,506328,515290,8962,empirical_gap,0.5,7130,False,0.0047734710163944965
4,506328,515290,8962,empirical_gap,0.8,18856,True,0.012623922788938938
4,506328,515290,8962,empirical_gap,0.95,23945,True,0.01603096262097703
4,515290,515290,0,empirical_gap,0.5,7130,True,0.004802284621239165
4,515290,515290,0,empirical_gap,0.8,18856,True,0.012700123256393504
4,515290,515290,0,empirical_gap,0.95,23945,True,0.016127728647345272
4,530288,530288,0,empirical_gap,0.5,7130,True,0.0048512905929869255
4,530288,530288,0,empirical_gap,0.8,19674,True,0.01338629609066266
4,530288,530288,0,empirical_gap,0.95,24628,True,0.016757024505481347
4,531645,540005,8360,empirical_gap,0.5,7171,False,0.00488369638132468
4,531645,540005,8360,empirical_gap,0.8,19402,True,0.013213425908584776
4,531645,540005,8360,empirical_gap,0.95,24580,True,0.016739821092310782
4,543001,543001,0,empirical_gap,0.5,7212,True,0.004949900446053841
4,543001,543001,0,empirical_gap,0.8,19129,True,0.013129041269074309
4,543001,543001,0,empirical_gap,0.95,24531,True,0.016836662207729725
4,556961,573506,16545,empirical_gap,0.5,7171,False,0.004969373662111696
4,556961,573506,16545,empirical_gap,0.8,18856,True,0.013066867908628942
4,556961,573506,16545,empirical_gap,0.95,24483,True,0.016966277418697624
4,582278,591896,9618,empirical_gap,0.5,7212,False,0.005087033988327754
4,582278,591896,9618,empirical_gap,0.8,19697,True,0.013893414929019935
4,582278,591896,9618,empirical_gap,0.95,26453,True,0.01865880616933362
4,591896,591896,0,empirical_gap,0.5,7212,True,0.005121780777556203
4,591896,591896,0,empirical_gap,0.8,19697,True,0.01398831336321749
4,591896,591896,0,empirical_gap,0.95,26453,True,0.018786254424389106
4,607594,620148,12554,empirical_gap,0.5,7728,False,0.00555010535720185
4,607594,620148,12554,empirical_gap,0.8,19674,True,0.01412949958560937
4,607594,620148,12554,empirical_gap,0.95,26229,True,0.01883717823680737
4,624988,624988,0,empirical_gap,0.5,8244,True,0.0059955840385393
4,624988,624988,0,empirical_gap,0.8,19765,True,0.014374420005061775
4,624988,624988,0,empirical_gap,0.95,28519,True,0.02074090989751362
4,632911,635416,2505,empirical_gap,0.5,7728,True,0.005652887266300877
4,632911,635416,2505,empirical_gap,0.8,19742,True,0.014440903262333323
4,632911,635416,2505,empirical_gap,0.95,28452,True,0.02081210513726612
4,640099,640099,0,empirical_gap,0.5,8244,True,0.006062205998819032
4,640099,640099,0,empirical_gap,0.8,19720,True,0.014501055591546737
4,640099,640099,0,empirical_gap,0.95,28386,True,0.020873578297243695
4,652115,652115,0,empirical_gap,0.5,8244,True,0.006116248789770641
4,652115,652115,0,empirical_gap,0.8,19674,True,0.014596200714452643
4,652115,652115,0,empirical_gap,0.95,28252,True,0.020960245124769548
4,658227,674724,16497,empirical_gap,0.5,7212,False,0.0053749777346838844
4,658227,674724,16497,empirical_gap,0.8,19161,True,0.014280358898263715
4,658227,674724,16497,empirical_gap,0.95,27938,True,0.02082170382024381
4,674724,674724,0,empirical_gap,0.5,7212,True,0.005441885312946134
4,674724,674724,0,empirical_gap,0.8,19161,True,0.014458120421708383
4,674724,674724,0,empirical_gap,0.95,27938,True,0.02108089182932461
4,683543,688740,5197,empirical_gap,0.5,7728,True,0.005870301878451024
4,683543,688740,5197,empirical_gap,0.8,18904,True,0.014359755009088789
4,683543,688740,5197,empirical_gap,0.95,27781,True,0.02110285410005796
4,689465,689465,0,empirical_gap,0.5,8244,True,0.0062905607252000135
4,689465,689465,0,empirical_gap,0.8,18647,True,0.014228540252644912
4,689465,689465,0,empirical_gap,0.95,27624,True,0.021078414540626537
4,694698,694698,0,empirical_gap,0.5,7212,True,0.005525158162632096
4,694698,694698,0,empirical_gap,0.8,18374,True,0.014076435951220484
4,694698,694698,0,empirical_gap,0.95,27310,True,0.020922361261991478
4,698597,698597,0,empirical_gap,0.5,7130,True,0.005478702600193791
4,698597,698597,0,empirical_gap,0.8,18342,True,0.014094020069110029
4,698597,698597,0,empirical_gap,0.95,26996,True,0.020743766535039492
4,708860,709169,309,empirical_gap,0.5,7130,True,0.005522251653577458
4,708860,709169,309,empirical_gap,0.8,18309,True,0.014180491658534319
4,708860,709169,309,empirical_gap,0.95,26681,True,0.020664683922734947
4,709169,709169,0,empirical_gap,0.5,7130,True,0.005523573573922535
4,709169,709169,0,empirical_gap,0.8,18309,True,0.014183886194242313
4,709169,709169,0,empirical_gap,0.95,26681,True,0.02066963064878361
4,734176,748297,14121,empirical_gap,0.5,7130,False,0.005632694592613191
4,734176,748297,14121,empirical_gap,0.8,17912,True,0.01415046641555224
4,734176,748297,14121,empirical_gap,0.95,26367,True,0.020829910003286396
4,748297,748297,0,empirical_gap,0.5,7130,True,0.005696239443382336
4,748297,748297,0,empirical_gap,0.8,17912,True,0.014310103914426985
4,748297,748297,0,empirical_gap,0.95,26367,True,0.02106490117863423
4,752327,752327,0,empirical_gap,0.5,7130,True,0.005714638370791065
4,752327,752327,0,empirical_gap,0.8,18326,True,0.014688143447842503
4,752327,752327,0,empirical_gap,0.95,26053,True,0.0208812725770294
4,759493,760775,1282,empirical_gap,0.5,6815,True,0.005493721518701628
4,759493,760775,1282,empirical_gap,0.8,18111,True,0.014599675777726365
4,759493,760775,1282,empirical_gap,0.95,25739,True,0.020748774493009714
4,760775,760775,0,empirical_gap,0.5,6815,True,0.005499404869979221
4,760775,760775,0,empirical_gap,0.8,18111,True,0.014614779398414332
4,760775,760775,0,empirical_gap,0.95,25739,True,0.02077023946418124
4,764792,764792,0,empirical_gap,0.5,6304,True,0.005103593888640618
4,764792,764792,0,empirical_gap,0.8,17714,True,0.014340904527820416
4,764792,764792,0,empirical_gap,0.95,25425,True,0.02058357782656848
4,777290,777290,0,empirical_gap,0.5,6194,True,0.0050657964685002985
4,777290,777290,0,empirical_gap,0.8,17316,True,0.014161984444389921
4,777290,777290,0,empirical_gap,0.95,25110,True,0.020536349584120518
4,784809,812160,27351,empirical_gap,0.5,6251,False,0.005144047314372803
4,784809,812160,27351,empirical_gap,0.8,17278,False,0.014218340985079712
4,784809,812160,27351,empirical_gap,0.95,25014,False,0.02058441841652876
4,810126,812160,2034,empirical_gap,0.5,6251,True,0.005253497429139556
4,810126,812160,2034,empirical_gap,0.8,17278,True,0.014520865234470205
4,810126,812160,2034,empirical_gap,0.95,25014,True,0.021022393967764653
4,812160,812160,0,empirical_gap,0.5,6251,True,0.0052624932650862065
4,812160,812160,0,empirical_gap,0.8,17278,True,0.014545730064655172
4,812160,812160,0,empirical_gap,0.95,25014,True,0.021058391702586207
4,816760,816760,0,empirical_gap,0.5,6251,True,0.005282951894797336
4,816760,816760,0,empirical_gap,0.8,17515,True,0.014802575977823603
4,816760,816760,0,empirical_gap,0.95,27624,True,0.023346066732023933
4,835442,855243,19801,empirical_gap,0.5,6194,False,0.005318756128934754
4,835442,855243,19801,empirical_gap,0.8,17297,False,0.01485284545724644
4,835442,855243,19801,empirical_gap,0.95,27310,True,0.02345095735892931
4,855243,855243,0,empirical_gap,0.5,6194,True,0.005410755295665369
4,855243,855243,0,empirical_gap,0.8,17297,True,0.015109756917843699
4,855243,855243,0,empirical_gap,0.95,27310,True,0.0238565913988733
4,860759,880832,20073,empirical_gap,0.5,6223,False,0.005462408744067322
4,860759,880832,20073,empirical_gap,0.8,17912,False,0.015722748742364435
4,860759,880832,20073,empirical_gap,0.95,28491,True,0.02500875582953914
4,886075,905188,19113,empirical_gap,0.5,6251,False,0.0056116883991292055
4,886075,905188,19113,empirical_gap,0.8,18342,False,0.01646609960275602
4,886075,905188,19113,empirical_gap,0.95,28473,True,0.025560966851448708
4,905188,905188,0,empirical_gap,0.5,6251,True,0.005709656087072483
4,905188,905188,0,empirical_gap,0.8,18342,True,0.016753561342038634
4,905188,905188,0,empirical_gap,0.95,28473,True,0.026007204889971977
4,911391,921924,10533,empirical_gap,0.5,6251,False,0.005742190262986986
4,911391,921924,10533,empirical_gap,0.8,18390,True,0.016893117730975953
4,911391,921924,10533,empirical_gap,0.95,28436,True,0.02612140814562437
4,921924,921924,0,empirical_gap,0.5,6251,True,0.005798292513700333
4,921924,921924,0,empirical_gap,0.8,18390,True,0.017058166585658154
4,921924,921924,0,empirical_gap,0.95,28436,True,0.026376619088079135
4,936708,967624,30916,empirical_gap,0.5,6278,False,0.005904304744134255
4,936708,967624,30916,empirical_gap,0.8,18374,False,0.017280295534998852
4,936708,967624,30916,empirical_gap,0.95,28418,False,0.026726430745270348
4,962024,967624,5600,empirical_gap,0.5,6278,True,0.006048309402144173
4,962024,967624,5600,empirical_gap,0.8,18374,True,0.017701758036794683
4,962024,967624,5600,empirical_gap,0.95,28418,True,0.027378282349495558
4,967625,967625,0,empirical_gap,0.5,6304,True,0.006106308269766316
4,967625,967625,0,empirical_gap,0.8,19161,True,0.018560116236832545
4,967625,967625,0,empirical_gap,0.95,29006,True,0.028096379706986318
4,987341,1001061,13720,empirical_gap,0.5,6304,False,0.0062251952532886195
4,987341,1001061,13720,empirical_gap,0.8,18647,True,0.018413898459402424
4,987341,1001061,13720,empirical_gap,0.95,28909,True,0.028547615732443004
4,1001061,1001061,0,empirical_gap,0.5,6304,True,0.006310695648082616
4,1001061,1001061,0,empirical_gap,0.8,18647,True,0.01866680548061493
4,1001061,1001061,0,empirical_gap,0.95,28909,True,0.028939705027033684
4,1012657,1032685,20028,empirical_gap,0.5,6560,False,0.0066440943015750355
4,1012657,1032685,20028,empirical_gap,0.8,18390,False,0.018625746067982455
4,1012657,1032685,20028,empirical_gap,0.95,28861,True,0.029230976469170288
4,1037974,1080483,42509,empirical_gap,0.5,6815,False,0.007084008124520543
4,1037974,1080483,42509,empirical_gap,0.8,19418,False,0.02018448565839177
4,1037974,1080483,42509,empirical_gap,0.95,29769,False,0.030944070118687023
4,1063290,1080483,17193,empirical_gap,0.5,6815,False,0.007275464124435524
4,1063290,1080483,17193,empirical_gap,0.8,19418,True,0.020730001814862658
4,1063290,1080483,17193,empirical_gap,0.95,29769,True,0.03178038026710508
4,1080483,1080483,0,empirical_gap,0.5,6815,True,0.0074114997330120055
4,1080483,1080483,0,empirical_gap,0.8,19418,True,0.021117608483584318
4,1080483,1080483,0,empirical_gap,0.95,29769,True,0.03237460536346799
4,1088607,1110979,22372,empirical_gap,0.5,6973,False,0.0076509255612013695
4,1088607,1110979,22372,empirical_gap,0.8,19742,False,0.02166134697106517
4,1088607,1110979,22372,empirical_gap,0.95,30600,True,0.03357497808300042
4,1113923,1122323,8400,empirical_gap,0.5,7130,False,0.008046704744621517
4,1113923,1122323,8400,empirical_gap,0.8,20118,True,0.02270457307886335
4,1113923,1122323,8400,empirical_gap,0.95,30568,True,0.03449813052364523
4,1122323,1122323,0,empirical_gap,0.5,7130,True,0.008123717495160521
4,1122323,1122323,0,empirical_gap,0.8,20118,True,0.022921872169374382
4,1122323,1122323,0,empirical_gap,0.95,30568,True,0.034828302439280055
4,1139239,1165929,26690,empirical_gap,0.5,7212,False,0.008378632396216836
4,1139239,1165929,26690,empirical_gap,0.8,19787,False,0.022987798006647606
4,1139239,1165929,26690,empirical_gap,0.95,30505,True,0.03543957033369309
4,1164556,1165929,1373,empirical_gap,0.5,7212,True,0.008632535514050015
4,1164556,1165929,1373,empirical_gap,0.8,19787,True,0.02368441212097998
4,1164556,1165929,1373,empirical_gap,0.95,30505,True,0.03651351856019075
4,1165929,1165929,0,empirical_gap,0.5,7212,True,0.008646745900528852
4,1165929,1165929,0,empirical_gap,0.8,19787,True,0.023723400046279035
4,1165929,1165929,0,empirical_gap,0.95,30505,True,0.03657362502712599
4,1179668,1179668,0,empirical_gap,0.5,7599,True,0.009263322654730037
4,1179668,1179668,0,empirical_gap,0.8,20283,True,0.02472535510013019
4,1179668,1179668,0,empirical_gap,0.95,30814,True,0.03756284041095556
4,1189872,1215871,25999,empirical_gap,0.5,7212,False,0.008902296920980388
4,1189872,1215871,25999,empirical_gap,0.8,19953,False,0.02462944127347777
4,1189872,1215871,25999,empirical_gap,0.95,30780,True,0.03799399601050698
4,1215189,1215871,682,empirical_gap,0.5,7212,True,0.00918947364397288
4,1215189,1215871,682,empirical_gap,0.8,19953,True,0.025423955576565568
4,1215189,1215871,682,empirical_gap,0.95,30780,True,0.0392196337716979
4,1215871,1215871,0,empirical_gap,0.5,7212,True,0.009197466233234582
4,1215871,1215871,0,empirical_gap,0.8,19953,True,0.025446068185209322
4,1215871,1215871,0,empirical_gap,0.95,30780,True,0.039253745238347265
4,1240505,1257902,17397,empirical_gap,0.5,7599,False,0.010005332490668142
4,1240505,1257902,17397,empirical_gap,0.8,20448,True,0.02692315288448245
4,1240505,1257902,17397,empirical_gap,0.95,30785,True,0.04053351239968663
4,1257902,1257902,0,empirical_gap,0.5,7599,True,0.010239887454217637
4,1257902,1257902,0,empirical_gap,0.8,20448,True,0.027554312233694204
4,1257902,1257902,0,empirical_gap,0.95,30785,True,0.04148373934439926
4,1265822,1286884,21062,empirical_gap,0.5,7922,False,0.010790298810370236
4,1265822,1286884,21062,empirical_gap,0.8,20648,False,0.02812396993644593
4,1265822,1286884,21062,empirical_gap,0.95,30775,True,0.041917627605294626
4,1288733,1288733,0,empirical_gap,0.5,8244,True,0.01159058412663599
4,1288733,1288733,0,empirical_gap,0.8,20790,True,0.029229529839005605
4,1288733,1288733,0,empirical_gap,0.95,30764,True,0.04325239326441407
4,1291138,1300850,9712,empirical_gap,0.5,7599,False,0.010719999097144437
4,1291138,1300850,9712,empirical_gap,0.8,20671,True,0.029160823968558056
4,1291138,1300850,9712,empirical_gap,0.95,30743,True,0.043369513389065854
4,1300850,1300850,0,empirical_gap,0.5,7599,True,0.010868912250590002
4,1300850,1300850,0,empirical_gap,0.8,20671,True,0.029565901451762855
4,1300850,1300850,0,empirical_gap,0.95,30743,True,0.043971965958664094
4,1316455,1334788,18333,empirical_gap,0.5,7922,False,0.011589580788389937
4,1316455,1334788,18333,empirical_gap,0.8,20660,True,0.030224784030312563
4,1316455,1334788,18333,empirical_gap,0.95,30733,True,0.04496119494693107
4,1341771,1345241,3470,empirical_gap,0.5,8244,True,0.01252451654363451
4,1341771,1345241,3470,empirical_gap,0.8,20849,True,0.031674386877515275
4,1341771,1345241,3470,empirical_gap,0.95,30962,True,0.04703834075982675
4,1345241,1345241,0,empirical_gap,0.5,8244,True,0.012590892221412764
4,1345241,1345241,0,empirical_gap,0.8,20849,True,0.031842250354710666
4,1345241,1345241,0,empirical_gap,0.95,30962,True,0.047287627966931346
4,1367087,1388148,21061,empirical_gap,0.5,8244,False,0.013025486915263236
4,1367087,1388148,21061,empirical_gap,0.8,20731,False,0.03275489680256212
4,1367087,1388148,21061,empirical_gap,0.95,30934,True,0.048875595855986526
4,1388148,1388148,0,empirical_gap,0.5,8244,True,0.01347384661650203
4,1388148,1388148,0,empirical_gap,0.8,20731,True,0.033882376783928136
4,1388148,1388148,0,empirical_gap,0.95,30934,True,0.0505579780731288
4,1392404,1392791,387,empirical_gap,0.5,8382,True,0.013795350858135998
4,1392404,1392791,387,empirical_gap,0.8,20967,True,0.03450812711077755
4,1392404,1392791,387,empirical_gap,0.95,31256,True,0.05144207664303254
4,1417720,1429835,12115,empirical_gap,0.5,8244,False,0.014158136978773099
4,1417720,1429835,12115,empirical_gap,0.8,20908,True,0.035907123720546816
4,1417720,1429835,12115,empirical_gap,0.95,31232,True,0.053637425293673144
4,1429835,1429835,0,empirical_gap,0.5,8244,True,0.014458972402725527
4,1429835,1429835,0,empirical_gap,0.8,20908,True,0.03667008672928012
4,1429835,1429835,0,empirical_gap,0.95,31232,True,0.05477712591968992
4,1443037,1451178,8141,empirical_gap,0.5,8520,True,0.015297245957092302
4,1443037,1451178,8141,empirical_gap,0.8,21344,True,0.038322114754480996
4,1443037,1451178,8141,empirical_gap,0.95,31856,True,0.05719589990717516
4,1451178,1451178,0,empirical_gap,0.5,8520,True,0.015524159016949028
4,1451178,1451178,0,empirical_gap,0.8,21344,True,0.03889056925560564
4,1451178,1451178,0,empirical_gap,0.95,31856,True,0.05804432038074275
4,1460330,1460330,0,empirical_gap,0.5,8520,True,0.015787425649007727
4,1460330,1460330,0,empirical_gap,0.8,20967,True,0.03885152037356162
4,1460330,1460330,0,empirical_gap,0.95,31624,True,0.05859877332443901
4,1468353,1468647,294,empirical_gap,0.5,8244,True,0.01550652970862245
4,1468353,1468647,294,empirical_gap,0.8,20849,True,0.039215870681109835
4,1468353,1468647,294,empirical_gap,0.95,31575,True,0.059390911638737734
4,1468647,1468647,0,empirical_gap,0.5,8244,True,0.015515109541114852
4,1468647,1468647,0,empirical_gap,0.8,20849,True,0.03923756899838714
4,1468647,1468647,0,empirical_gap,0.95,31575,True,0.0594237728967372
4,1484490,1484490,0,empirical_gap,0.5,8244,True,0.015991930321429263
4,1484490,1484490,0,empirical_gap,0.8,20731,True,0.04021454481969312
4,1484490,1484490,0,empirical_gap,0.95,31526,True,0.061154972745436555
4,1493670,1515634,21964,empirical_gap,0.5,7599,False,0.015007998736002212
4,1493670,1515634,21964,empirical_gap,0.8,20660,False,0.04080342859399996
4,1493670,1515634,21964,empirical_gap,0.95,31477,True,0.062166966207809135
4,1515634,1515634,0,empirical_gap,0.5,7599,True,0.015688549567888746
4,1515634,1515634,0,empirical_gap,0.8,20660,True,0.042653695758992166
4,1515634,1515634,0,empirical_gap,0.95,31477,True,0.06498598167501435
4,1518986,1530291,11305,empirical_gap,0.5,7922,False,0.01646937511174311
4,1518986,1530291,11305,empirical_gap,0.8,20849,True,0.04334385277767383
4,1518986,1530291,11305,empirical_gap,0.95,31453,True,0.06538894917819439
4,1542790,1542790,0,empirical_gap,0.5,8244,True,0.018031101681940467
4,1542790,1542790,0,empirical_gap,0.8,20790,True,0.045471446381312744
4,1542790,1542790,0,empirical_gap,0.95,31428,True,0.06873865401019225
4,1544303,1558844,14541,empirical_gap,0.5,8382,False,0.01839380114418133
4,1544303,1558844,14541,empirical_gap,0.8,20731,True,0.04549294816511849
4,1544303,1558844,14541,empirical_gap,0.95,31404,True,0.06891421273346104
4,1558845,1558845,0,empirical_gap,0.5,8520,True,0.019312939896408293
4,1558845,1558845,0,empirical_gap,0.8,20671,True,0.046856547018621575
4,1558845,1558845,0,empirical_gap,0.95,31379,True,0.07112919495415443
4,1569619,1571371,1752,empirical_gap,0.5,8382,True,0.019475766820561315
4,1569619,1571371,1752,empirical_gap,0.8,20660,True,0.04800397787077032
4,1569619,1571371,1752,empirical_gap,0.95,31354,True,0.07285172904937717
4,1575714,1575714,0,empirical_gap,0.5,8520,True,0.020080794558387502
4,1575714,1575714,0,empirical_gap,0.8,20648,True,0.048665287094082764
4,1575714,1575714,0,empirical_gap,0.95,31330,True,0.07384170111669959
4,1581027,1581027,0,empirical_gap,0.5,8244,True,0.019676685609812564
4,1581027,1581027,0,empirical_gap,0.8,20624,True,0.04922512906559611
4,1581027,1581027,0,empirical_gap,0.95,31281,True,0.07466113568177424
4,1594935,1617389,22454,empirical_gap,0.5,7599,False,0.018759952106452052
4,1594935,1617389,22454,empirical_gap,0.8,20448,False,0.0504807870341797
4,1594935,1617389,22454,empirical_gap,0.95,31232,True,0.07710367471887228
4,1617389,1617389,0,empirical_gap,0.5,7599,True,0.019860903110469903
4,1617389,1617389,0,empirical_gap,0.8,20448,True,0.053443314489128646
4,1617389,1617389,0,empirical_gap,0.95,31232,True,0.08162859928229978
4,1620252,1626489,6237,empirical_gap,0.5,7922,True,0.020861202692311745
4,1620252,1626489,6237,empirical_gap,0.8,20648,True,0.054372899923106906
4,1620252,1626489,6237,empirical_gap,0.95,31972,True,0.0841926751424629
4,1632946,1632946,0,empirical_gap,0.5,8244,True,0.022459910530875565
4,1632946,1632946,0,empirical_gap,0.8,20636,True,0.05622061059135713
4,1632946,1632946,0,empirical_gap,0.95,31856,True,0.08678831997471761
4,1645568,1675524,29956,empirical_gap,0.5,7922,False,0.022351254965691587
4,1645568,1675524,29956,empirical_gap,0.8,20624,False,0.058188876850848684
4,1645568,1675524,29956,empirical_gap,0.95,31740,True,0.08955173347778982
4,1670885,1675524,4639,empirical_gap,0.5,7922,True,0.02407061361530164
4,1670885,1675524,4639,empirical_gap,0.8,20624,True,0.06266502590279993
4,1670885,1675524,4639,empirical_gap,0.95,31740,True,0.0964404539446698
4,1696201,1699926,3725,empirical_gap,0.5,8244,True,0.027136363187502264
4,1696201,1699926,3725,empirical_gap,0.8,20671,True,0.06804169862310278
4,1696201,1699926,3725,empirical_gap,0.95,33938,True,0.11171202011856524
4,1699926,1699926,0,empirical_gap,0.5,8244,True,0.027473223271593007
4,1699926,1699926,0,empirical_gap,0.8,20671,True,0.06888634136912895
4,1699926,1699926,0,empirical_gap,0.95,33938,True,0.11309876897032066
4,1699928,1699928,0,empirical_gap,0.5,8244,True,0.02747340638246821
4,1699928,1699928,0,empirical_gap,0.8,20849,True,0.06947999146871417
4,1699928,1699928,0,empirical_gap,0.95,33707,True,0.11232970753685782
4,1703709,1703709,0,empirical_gap,0.5,7599,True,0.02564708344161652
4,1703709,1703709,0,empirical_gap,0.8,20731,True,0.06996837568471537
4,1703709,1703709,0,empirical_gap,0.95,33476,True,0.1129835195804125
4,1721518,1739398,17880,empirical_gap,0.5,7471,False,0.0268275867021926
4,1721518,1739398,17880,empirical_gap,0.8,20671,True,0.07422741864824298
4,1721518,1739398,17880,empirical_gap,0.95,33360,True,0.11979230255456368
4,1744414,1744414,0,empirical_gap,0.5,7599,True,0.029731675443881903
4,1744414,1744414,0,empirical_gap,0.8,20908,True,0.08180416767741581
4,1744414,1744414,0,empirical_gap,0.95,34015,True,0.1330863192819638
4,1746834,1775669,28835,empirical_gap,0.5,7471,False,0.02951028179139379
4,1746834,1775669,28835,empirical_gap,0.8,20849,False,0.08235308058744065
4,1746834,1775669,28835,empirical_gap,0.95,34009,True,0.13433478429172954
4,1772151,1775669,3518,empirical_gap,0.5,7471,True,0.032789259553476204
4,1772151,1775669,3518,empirical_gap,0.8,20849,True,0.09150358351364281
4,1772151,1775669,3518,empirical_gap,0.95,34009,True,0.14926113346997352
4,1783090,1783090,0,empirical_gap,0.5,7599,True,0.0350329629800378
4,1783090,1783090,0,empirical_gap,0.8,21344,True,0.0984002581715919
4,1783090,1783090,0,empirical_gap,0.95,34004,True,0.15676547876999677
4,1797467,1803994,6527,empirical_gap,0.5,7421,True,0.03664094246369727
4,1797467,1803994,6527,empirical_gap,0.8,20967,True,0.10352387018411814
4,1797467,1803994,6527,empirical_gap,0.95,33993,True,0.16783931507458044
4,1803994,1803994,0,empirical_gap,0.5,7421,True,0.03786108588512597
4,1803994,1803994,0,empirical_gap,0.8,20967,True,0.10697121516688264
4,1803994,1803994,0,empirical_gap,0.95,33993,True,0.17342836443782333
4,1822783,1834600,11817,empirical_gap,0.5,7599,False,0.04287963344374411
4,1822783,1834600,11817,empirical_gap,0.8,20942,True,0.11817150724817596
4,1822783,1834600,11817,empirical_gap,0.95,33982,True,0.1917536128023835
4,1834600,1834600,0,empirical_gap,0.5,7599,True,0.04594316807738815
4,1834600,1834600,0,empirical_gap,0.8,20942,True,0.1266142684401451
4,1834600,1834600,0,empirical_gap,0.95,33982,True,0.205453446191052
4,1836766,1836766,0,empirical_gap,0.5,7599,True,0.04655280149968757
4,1836766,1836766,0,empirical_gap,0.8,20916,True,0.12813506989965326
4,1836766,1836766,0,empirical_gap,0.95,33971,True,0.20811228052979158
4,1848100,1881914,33814,empirical_gap,0.5,7599,False,0.050026333113890716
4,1848100,1881914,33814,empirical_gap,0.8,20857,False,0.13730743910467413
4,1848100,1881914,33814,empirical_gap,0.95,33960,True,0.22356813693219224
4,1873416,1881914,8498,empirical_gap,0.5,7599,False,0.06003128357454338
4,1873416,1881914,8498,empirical_gap,0.8,20857,True,0.1647680591543955
4,1873416,1881914,8498,empirical_gap,0.95,33960,True,0.2682803513872211
4,1881914,1881914,0,empirical_gap,0.5,7599,True,0.06435140490828718
4,1881914,1881914,0,empirical_gap,0.8,20857,True,0.17662551022136408
4,1881914,1881914,0,empirical_gap,0.95,33960,True,0.28758701285503785
4,1898733,1900628,1895,empirical_gap,0.5,8244,True,0.08140855362556411
4,1898733,1900628,1895,empirical_gap,0.8,20929,True,0.20667147244413284
4,1898733,1900628,1895,empirical_gap,0.95,34199,True,0.3377111991073104
4,1900628,1900628,0,empirical_gap,0.5,8244,True,0.08296099504890714
4,1900628,1900628,0,empirical_gap,0.8,20929,True,0.21061264742583424
4,1900628,1900628,0,empirical_gap,0.95,34199,True,0.3441512699754458
4,1909004,1909004,0,empirical_gap,0.5,8254,True,0.09070728383665216
4,1909004,1909004,0,empirical_gap,0.8,20903,True,0.22971339399534046
4,1909004,1909004,0,empirical_gap,0.95,34047,True,0.37415930370565736
4,1924049,1938145,14096,empirical_gap,0.5,8254,False,0.10867533014706851
4,1924049,1938145,14096,empirical_gap,0.8,20811,True,0.2740056088794091
4,1924049,1938145,14096,empirical_gap,0.95,34037,True,0.44814419823307133
4,1938145,1938145,0,empirical_gap,0.5,8254,True,0.13344111227871636
4,1938145,1938145,0,empirical_gap,0.8,20811,True,0.3364481448549026
4,1938145,1938145,0,empirical_gap,0.95,34037,True,0.5502707946002748
4,1944564,1944564,0,empirical_gap,0.5,8254,True,0.14889241648026552
4,1944564,1944564,0,empirical_gap,0.8,20718,True,0.3737282632224547
4,1944564,1944564,0,empirical_gap,0.95,34026,True,0.6137888736561079
4,1949366,1950616,1250,empirical_gap,0.5,8244,True,0.16281549946676147
4,1949366,1950616,1250,empirical_gap,0.8,20660,True,0.4080262274361101
4,1949366,1950616,1250,empirical_gap,0.95,34015,True,0.6717818066911562
4,1950616,1950616,0,empirical_gap,0.5,8244,True,0.16693665964684917
4,1950616,1950616,0,empirical_gap,0.8,20660,True,0.41835412279280737
4,1950616,1950616,0,empirical_gap,0.95,34015,True,0.6887858415681193
4,1961856,1961856,0,empirical_gap,0.5,8244,True,0.216128355704698
4,1961856,1961856,0,empirical_gap,0.8,20636,True,0.5410025167785235
4,1961856,1961856,0,empirical_gap,0.95,34004,True,0.8914639261744967
4,1974682,1999374,24692,empirical_gap,0.5,8244,False,0.3256181372936251
4,1974682,1999374,24692,empirical_gap,0.8,20612,False,0.8141243384153567
4,1974682,1999374,24692,empirical_gap,0.95,33993,True,1.3426415988624694
4,1999374,1999374,0,empirical_gap,0.5,8244,True,13.169329073482428
4,1999374,1999374,0,empirical_gap,0.8,20612,True,32.926517571884986
4,1999374,1999374,0,empirical_gap,0.95,33993,True,54.301916932907346
5,987341,1558844,571503,empirical_gap,0.5,193524,False,0.19110480428258672
5,987341,1558844,571503,empirical_gap,0.8,259605,False,0.2563597420256967
5,987341,1558844,571503,empirical_gap,0.95,392522,False,0.38761517944342566
5,1012657,1558844,546187,empirical_gap,0.5,193524,False,0.1960048331734767
5,1012657,1558844,546187,empirical_gap,0.8,259605,False,0.262932942250059
5,1012657,1558844,546187,empirical_gap,0.95,392522,False,0.3975538389394567
5,1037974,1558844,520870,empirical_gap,0.5,193524,False,0.2011629623315794
5,1037974,1558844,520870,empirical_gap,0.8,259605,False,0.26985237405226054
5,1037974,1558844,520870,empirical_gap,0.95,392522,False,0.4080159995675793
5,1063290,1558844,495554,empirical_gap,0.5,193524,False,0.20659969467604702
5,1063290,1558844,495554,empirical_gap,0.8,259605,False,0.2771455413094768
5,1063290,1558844,495554,empirical_gap,0.95,392522,False,0.4190432471095643
5,1088607,1558844,470237,empirical_gap,0.5,193524,False,0.21233869472335207
5,1088607,1558844,470237,empirical_gap,0.8,259605,False,0.2848441890600433
5,1088607,1558844,470237,empirical_gap,0.95,392522,False,0.4306835799704409
5,1113923,1558844,444921,empirical_gap,0.5,193524,False,0.21840539817645646
5,1113923,1558844,444921,empirical_gap,0.8,259605,False,0.29298243832082316
5,1113923,1558844,444921,empirical_gap,0.95,392522,False,0.44298858902781585
5,1139239,1558844,419605,empirical_gap,0.5,193524,False,0.22482895949049736
5,1139239,1558844,419605,empirical_gap,0.8,259605,False,0.30159939867164054
5,1139239,1558844,419605,empirical_gap,0.95,392522,False,0.4560174078518892
5,1164556,1558844,394288,empirical_gap,0.5,193524,False,0.23164209689697934
5,1164556,1558844,394288,empirical_gap,0.8,259605,False,0.31073896036119714
5,1164556,1558844,394288,empirical_gap,0.95,392522,False,0.46983639837020796
5,1189872,1558844,368972,empirical_gap,0.5,193524,False,0.23888076945865344
5,1189872,1558844,368972,empirical_gap,0.8,259605,False,0.3204493610886181
5,1189872,1558844,368972,empirical_gap,0.95,392522,True,0.4845184958426323
5,1215189,1558844,343655,empirical_gap,0.5,193524,False,0.24658675783086628
5,1215189,1558844,343655,empirical_gap,0.8,259605,False,0.33078664799550467
5,1215189,1558844,343655,empirical_gap,0.95,392522,True,0.500148443383184
5,1240505,1558844,318339,empirical_gap,0.5,193524,False,0.25480615408923035
5,1240505,1558844,318339,empirical_gap,0.8,259605,False,0.3418126518278593
5,1240505,1558844,318339,empirical_gap,0.95,392522,True,0.5168197288988078
5,1265822,1558844,293022,empirical_gap,0.5,193524,False,0.26359275271119537
5,1265822,1558844,293022,empirical_gap,0.8,259605,False,0.3535995358073928
5,1265822,1558844,293022,empirical_gap,0.95,392522,True,0.5346414629694706
5,1291138,1558844,267706,empirical_gap,0.5,193524,False,0.2730065936670325
5,1291138,1558844,267706,empirical_gap,0.8,259605,False,0.366227841244135
5,1291138,1558844,267706,empirical_gap,0.95,392522,True,0.5537354238201512
5,1316455,1558844,242389,empirical_gap,0.5,193524,False,0.28311815608335955
5,1316455,1558844,242389,empirical_gap,0.8,259605,True,0.3797921131746995
5,1316455,1558844,242389,empirical_gap,0.95,392522,True,0.5742445632694263
5,1341771,1558844,217073,empirical_gap,0.5,193524,False,0.29400710087218884
5,1341771,1558844,217073,empirical_gap,0.8,259605,True,0.39439921364752994
5,1341771,1558844,217073,empirical_gap,0.95,392522,True,0.5963304564217012
5,1367087,1558844,191757,empirical_gap,0.5,193524,True,0.3057671433514559
5,1367087,1558844,191757,empirical_gap,0.8,259605,True,0.4101748581558603
5,1367087,1558844,191757,empirical_gap,0.95,392522,True,0.6201831847347108
5,1392404,1558844,166440,empirical_gap,0.5,193524,True,0.31850769261153794
5,1392404,1558844,166440,empirical_gap,0.8,259605,True,0.4272658147848241
5,1392404,1558844,166440,empirical_gap,0.95,392522,True,0.6460246611235096
5,1417720,1558844,141124,empirical_gap,0.5,193524,True,0.33235556776808406
5,1417720,1558844,141124,empirical_gap,0.8,259605,True,0.44584220649859174
5,1417720,1558844,141124,empirical_gap,0.95,392522,True,0.6741121110118843
5,1443037,1558844,115807,empirical_gap,0.5,193524,True,0.34746293739440504
5,1443037,1558844,115807,empirical_gap,0.8,259605,True,0.4661081615834445
5,1443037,1558844,115807,empirical_gap,0.95,392522,True,0.7047541757711014
5,1468353,1558844,90491,empirical_gap,0.5,193524,True,0.36400844921536285
5,1468353,1558844,90491,empirical_gap,0.8,259605,True,0.4883033290886622
5,1468353,1558844,90491,empirical_gap,0.95,392522,True,0.7383132040620939
5,1493670,1558844,65174,empirical_gap,0.5,193524,True,0.38220923113384553
5,1493670,1558844,65174,empirical_gap,0.8,259605,True,0.512718977741789
5,1493670,1558844,65174,empirical_gap,0.95,392522,True,0.7752295933482116
5,1518986,1558844,39858,empirical_gap,0.5,193524,True,0.4023250882510696
5,1518986,1558844,39858,empirical_gap,0.8,259605,True,0.5397036260898851
5,1518986,1558844,39858,empirical_gap,0.95,392522,True,0.8160303026523137
5,1544303,1558844,14541,empirical_gap,0.5,193524,True,0.42467692348205055
5,1544303,1558844,14541,empirical_gap,0.8,259605,True,0.5696877530464322
5,1544303,1558844,14541,empirical_gap,0.95,392522,True,0.8613662148313462
5,1558844,1558844,0,empirical_gap,0.5,193524,True,0.4386747545086092
5,1558844,1558844,0,empirical_gap,0.8,259605,True,0.5884653047901423
5,1558844,1558844,0,empirical_gap,0.95,392522,True,0.889757818096093
5,1569619,1699926,130307,empirical_gap,0.5,204411,True,0.4749535876351419
5,1569619,1699926,130307,empirical_gap,0.8,436828,True,1.0149797505001383
5,1569619,1699926,130307,empirical_gap,0.95,552622,True,1.284029731795781
5,1594935,1699926,104991,empirical_gap,0.5,204411,True,0.5046375273104317
5,1594935,1699926,104991,empirical_gap,0.8,436828,True,1.07841457543851
5,1594935,1699926,104991,empirical_gap,0.95,552622,True,1.3642798069445645
5,1620252,1699926,79674,empirical_gap,0.5,204411,True,0.5382806492726756
5,1620252,1699926,79674,empirical_gap,0.8,436828,True,1.1503102057153691
5,1620252,1699926,79674,empirical_gap,0.95,552622,True,1.4552334706173569
5,1645568,1699926,54358,empirical_gap,0.5,204411,True,0.5767283992416035
5,1645568,1699926,54358,empirical_gap,0.8,436828,True,1.2324733658360418
5,1645568,1699926,54358,empirical_gap,0.95,552622,True,1.5591763723365837
5,1670885,1699926,29041,empirical_gap,0.5,204411,True,0.6210929310423409
5,1670885,1699926,29041,empirical_gap,0.8,436828,True,1.3272807377360496
5,1670885,1699926,29041,empirical_gap,0.95,552622,True,1.679115202892606
5,1696201,1699926,3725,empirical_gap,0.5,204411,True,0.6728494827171912
5,1696201,1699926,3725,empirical_gap,0.8,436828,True,1.4378849173302084
5,1696201,1699926,3725,empirical_gap,0.95,552622,True,1.819038245682178
5,1699926,1699926,0,empirical_gap,0.5,204411,True,0.6812019701806887
5,1699926,1699926,0,empirical_gap,0.8,436828,True,1.4557342522177863
5,1699926,1699926,0,empirical_gap,0.95,552622,True,1.8416190672967334
5,1699927,1699927,0,empirical_gap,0.5,193524,True,0.6449230687199448
5,1699927,1699927,0,empirical_gap,0.8,392523,True,1.3080916976868961
5,1699927,1699927,0,empirical_gap,0.95,544903,True,1.815901463977099
5,1721518,1783090,61572,empirical_gap,0.5,167303,True,0.6007677336416717
5,1721518,1783090,61572,empirical_gap,0.8,348217,True,1.2504111576331685
5,1721518,1783090,61572,empirical_gap,0.95,537183,True,1.9289684791117558
5,1746834,1783090,36256,empirical_gap,0.5,167303,True,0.6608430831944258
5,1746834,1783090,36256,empirical_gap,0.8,348217,True,1.3754493099389333
5,1746834,1783090,36256,empirical_gap,0.95,537183,True,2.121860755393694
5,1772151,1783090,10939,empirical_gap,0.5,167303,True,0.7342713814851064
5,1772151,1783090,10939,empirical_gap,0.8,348217,True,1.5282796940078736
5,1772151,1783090,10939,empirical_gap,0.95,537183,True,2.3576272004704872
5,1783090,1783090,0,empirical_gap,0.5,167303,True,0.7713014614356185
5,1783090,1783090,0,empirical_gap,0.8,348217,True,1.6053524503250196
5,1783090,1783090,0,empirical_gap,0.95,537183,True,2.476524825964686
5,1797467,1834600,37133,empirical_gap,0.5,141082,True,0.6965877165696455
5,1797467,1834600,37133,empirical_gap,0.8,303911,True,1.5005505275683468
5,1797467,1834600,37133,empirical_gap,0.95,529464,True,2.6142110174638207
5,1822783,1834600,11817,empirical_gap,0.5,141082,True,0.7960974398618643
5,1822783,1834600,11817,empirical_gap,0.8,303911,True,1.7149088405739856
5,1822783,1834600,11817,empirical_gap,0.95,529464,True,2.9876591974810545
5,1834600,1834600,0,empirical_gap,0.5,141082,True,0.8529746070133011
5,1834600,1834600,0,empirical_gap,0.8,303911,True,1.8374304715840386
5,1834600,1834600,0,empirical_gap,0.95,529464,True,3.201112454655381
5,1848100,1909003,60903,empirical_gap,0.5,120647,True,0.7942527978933509
5,1848100,1909003,60903,empirical_gap,0.8,259605,True,1.7090520078999343
5,1848100,1909003,60903,empirical_gap,0.95,521744,True,3.434786043449638
5,1873416,1909003,35587,empirical_gap,0.5,120647,True,0.9530983378626051
5,1873416,1909003,35587,empirical_gap,0.8,259605,True,2.0508516084181254
5,1873416,1909003,35587,empirical_gap,0.95,521744,True,4.121721544586993
5,1898733,1909003,10270,empirical_gap,0.5,120647,True,1.1913752752624251
5,1898733,1909003,10270,empirical_gap,0.8,259605,True,2.563569573503708
5,1898733,1909003,10270,empirical_gap,0.95,521744,True,5.152162106115516
5,1909003,1909003,0,empirical_gap,0.5,120647,True,1.3258349176346473
5,1909003,1909003,0,empirical_gap,0.8,259605,True,2.852896249326901
5,1909003,1909003,0,empirical_gap,0.95,521744,True,5.733639570535292
5,1924049,1938145,14096,empirical_gap,0.5,100212,True,1.3194296322629064
5,1924049,1938145,14096,empirical_gap,0.8,215298,True,2.834696054034838
5,1924049,1938145,14096,empirical_gap,0.95,514024,True,6.767837158167766
5,1938145,1938145,0,empirical_gap,0.5,100212,True,1.6201115512084714
5,1938145,1938145,0,empirical_gap,0.8,215298,True,3.4806887074609976
5,1938145,1938145,0,empirical_gap,0.95,514024,True,8.310144693234177
5,1949366,1961855,12489,empirical_gap,0.5,91688,True,1.8107990678200419
5,1949366,1961855,12489,empirical_gap,0.8,210944,True,4.166054429829758
5,1949366,1961855,12489,empirical_gap,0.95,506305,True,9.999308764861555
5,1961855,1961855,0,empirical_gap,0.5,91688,True,2.403670205793682
5,1961855,1961855,0,empirical_gap,0.8,210944,True,5.530056363874689
5,1961855,1961855,0,empirical_gap,0.95,506305,True,13.273168174072618
