H_boundary,start_M,known_n,hidden_k,cert_base,L_min,L_offset,L_cert,decimal_digits_used_for_cert,prefix_preview,true_hidden,true_full_preview,q_cell_C_digits,decimal_range_width,prefix_condition_range_width,candidate_count_after_prefix,recovered_hidden,success,ambiguous,Amin_minus_prefix_low,Amax_minus_prefix_low,candidate_low_minus_prefix_low,candidate_high_minus_prefix_low
10000,9901,99,1,4,167,0,167,161,959688159205600101655256375678,5,64560016237428802109...56001016552563756785,101,1,10,1,5,True,False,5,5,5,5
50000,49901,99,1,4,167,0,167,161,112718106910522900246574236041,3,58405229536937499710...05229002465742360413,101,2,10,2,,False,True,2,3,2,3
100000,99901,99,1,4,167,0,167,161,712790913767420805655493624646,4,57501636341131462753...74208056554936246464,101,1,10,1,4,True,False,4,4,4,4
500000,499901,99,1,4,167,0,167,161,193325290740424876025138195242,6,34165237031653070432...04248760251381952426,101,1,10,1,6,True,False,6,6,6,6
1000000,999901,99,1,4,167,0,167,161,996346460422090106105779458151,3,31561403332127284919...20901061057794581513,101,1,10,1,3,True,False,3,3,3,3
1500000,1499901,99,1,4,167,0,167,161,794715117319607737991914462295,2,29754421710582590927...96077379919144622952,101,1,10,1,2,True,False,2,2,2,2
10000,9901,99,1,4,167,2,169,162,959688159205600101655256375678,5,64560016237428802109...56001016552563756785,102,1,10,1,5,True,False,5,5,5,5
50000,49901,99,1,4,167,2,169,162,112718106910522900246574236041,3,58405229536937499710...05229002465742360413,102,2,10,2,,False,True,2,3,2,3
100000,99901,99,1,4,167,2,169,162,712790913767420805655493624646,4,57501636341131462753...74208056554936246464,102,1,10,1,4,True,False,4,4,4,4
500000,499901,99,1,4,167,2,169,162,193325290740424876025138195242,6,34165237031653070432...04248760251381952426,102,1,10,1,6,True,False,6,6,6,6
1000000,999901,99,1,4,167,2,169,162,996346460422090106105779458151,3,31561403332127284919...20901061057794581513,102,1,10,1,3,True,False,3,3,3,3
1500000,1499901,99,1,4,167,2,169,162,794715117319607737991914462295,2,29754421710582590927...96077379919144622952,102,1,10,1,2,True,False,2,2,2,2
10000,9901,99,1,4,167,8,175,166,959688159205600101655256375678,5,64560016237428802109...56001016552563756785,106,1,10,1,5,True,False,5,5,5,5
50000,49901,99,1,4,167,8,175,166,112718106910522900246574236041,3,58405229536937499710...05229002465742360413,106,1,10,1,3,True,False,3,3,3,3
100000,99901,99,1,4,167,8,175,166,712790913767420805655493624646,4,57501636341131462753...74208056554936246464,106,1,10,1,4,True,False,4,4,4,4
500000,499901,99,1,4,167,8,175,166,193325290740424876025138195242,6,34165237031653070432...04248760251381952426,105,1,10,1,6,True,False,6,6,6,6
1000000,999901,99,1,4,167,8,175,166,996346460422090106105779458151,3,31561403332127284919...20901061057794581513,105,1,10,1,3,True,False,3,3,3,3
1500000,1499901,99,1,4,167,8,175,166,794715117319607737991914462295,2,29754421710582590927...96077379919144622952,105,1,10,1,2,True,False,2,2,2,2
10000,9900,100,1,4,168,0,168,162,959688159205600101655256375678,5,26456001623742880210...56001016552563756785,101,2,10,2,,False,True,5,6,5,6
50000,49900,100,1,4,168,0,168,162,112718106910522900246574236041,3,15840522953693749971...05229002465742360413,101,2,10,2,,False,True,2,3,2,3
100000,99900,100,1,4,168,0,168,162,712790913767420805655493624646,4,85750163634113146275...74208056554936246464,102,1,10,1,4,True,False,4,4,4,4
500000,499900,100,1,4,168,0,168,162,193325290740424876025138195242,6,53416523703165307043...04248760251381952426,101,2,10,2,,False,True,6,7,6,7
1000000,999900,100,1,4,168,0,168,162,996346460422090106105779458151,3,03156140333212728491...20901061057794581513,100,2,10,2,,False,True,2,3,2,3
1500000,1499900,100,1,4,168,0,168,162,794715117319607737991914462295,2,12975442171058259092...96077379919144622952,101,2,10,2,,False,True,1,2,1,2
10000,9900,100,1,4,168,2,170,163,959688159205600101655256375678,5,26456001623742880210...56001016552563756785,102,1,10,1,5,True,False,5,5,5,5
50000,49900,100,1,4,168,2,170,163,112718106910522900246574236041,3,15840522953693749971...05229002465742360413,102,1,10,1,3,True,False,3,3,3,3
100000,99900,100,1,4,168,2,170,163,712790913767420805655493624646,4,85750163634113146275...74208056554936246464,103,1,10,1,4,True,False,4,4,4,4
500000,499900,100,1,4,168,2,170,163,193325290740424876025138195242,6,53416523703165307043...04248760251381952426,103,1,10,1,6,True,False,6,6,6,6
1000000,999900,100,1,4,168,2,170,163,996346460422090106105779458151,3,03156140333212728491...20901061057794581513,101,1,10,1,3,True,False,3,3,3,3
1500000,1499900,100,1,4,168,2,170,163,794715117319607737991914462295,2,12975442171058259092...96077379919144622952,102,1,10,1,2,True,False,2,2,2,2
10000,9900,100,1,4,168,8,176,166,959688159205600101655256375678,5,26456001623742880210...56001016552563756785,106,1,10,1,5,True,False,5,5,5,5
50000,49900,100,1,4,168,8,176,166,112718106910522900246574236041,3,15840522953693749971...05229002465742360413,106,1,10,1,3,True,False,3,3,3,3
100000,99900,100,1,4,168,8,176,166,712790913767420805655493624646,4,85750163634113146275...74208056554936246464,106,1,10,1,4,True,False,4,4,4,4
500000,499900,100,1,4,168,8,176,166,193325290740424876025138195242,6,53416523703165307043...04248760251381952426,106,1,10,1,6,True,False,6,6,6,6
1000000,999900,100,1,4,168,8,176,166,996346460422090106105779458151,3,03156140333212728491...20901061057794581513,105,1,10,1,3,True,False,3,3,3,3
1500000,1499900,100,1,4,168,8,176,166,794715117319607737991914462295,2,12975442171058259092...96077379919144622952,106,1,10,1,2,True,False,2,2,2,2
10000,9900,100,5,4,175,0,175,166,959688159205600101655256375678,56672,26456001623742880210...10165525637567856672,105,1,100000,1,56672,True,False,56672,56672,56672,56672
50000,49900,100,5,4,175,0,175,166,112718106910522900246574236041,30093,15840522953693749971...90024657423604130093,105,2,100000,2,,False,True,30093,30094,30093,30094
100000,99900,100,5,4,175,0,175,166,712790913767420805655493624646,41260,85750163634113146275...80565549362464641260,106,2,100000,2,,False,True,41259,41260,41259,41260
500000,499900,100,5,4,175,0,175,166,193325290740424876025138195242,69739,53416523703165307043...87602513819524269739,106,2,100000,2,,False,True,69738,69739,69738,69739
1000000,999900,100,5,4,175,0,175,166,996346460422090106105779458151,30927,03156140333212728491...10610577945815130927,104,1,100000,1,30927,True,False,30927,30927,30927,30927
1500000,1499900,100,5,4,175,0,175,166,794715117319607737991914462295,24435,12975442171058259092...73799191446229524435,105,2,100000,2,,False,True,24434,24435,24434,24435
10000,9900,100,5,4,175,2,177,167,959688159205600101655256375678,56672,26456001623742880210...10165525637567856672,106,1,100000,1,56672,True,False,56672,56672,56672,56672
50000,49900,100,5,4,175,2,177,167,112718106910522900246574236041,30093,15840522953693749971...90024657423604130093,106,1,100000,1,30093,True,False,30093,30093,30093,30093
100000,99900,100,5,4,175,2,177,167,712790913767420805655493624646,41260,85750163634113146275...80565549362464641260,107,1,100000,1,41260,True,False,41260,41260,41260,41260
500000,499900,100,5,4,175,2,177,167,193325290740424876025138195242,69739,53416523703165307043...87602513819524269739,107,1,100000,1,69739,True,False,69739,69739,69739,69739
1000000,999900,100,5,4,175,2,177,167,996346460422090106105779458151,30927,03156140333212728491...10610577945815130927,106,1,100000,1,30927,True,False,30927,30927,30927,30927
1500000,1499900,100,5,4,175,2,177,167,794715117319607737991914462295,24435,12975442171058259092...73799191446229524435,106,1,100000,1,24435,True,False,24435,24435,24435,24435
10000,9900,100,5,4,175,8,183,171,959688159205600101655256375678,56672,26456001623742880210...10165525637567856672,110,1,100000,1,56672,True,False,56672,56672,56672,56672
50000,49900,100,5,4,175,8,183,171,112718106910522900246574236041,30093,15840522953693749971...90024657423604130093,110,1,100000,1,30093,True,False,30093,30093,30093,30093
100000,99900,100,5,4,175,8,183,171,712790913767420805655493624646,41260,85750163634113146275...80565549362464641260,111,1,100000,1,41260,True,False,41260,41260,41260,41260
500000,499900,100,5,4,175,8,183,171,193325290740424876025138195242,69739,53416523703165307043...87602513819524269739,110,1,100000,1,69739,True,False,69739,69739,69739,69739
1000000,999900,100,5,4,175,8,183,171,996346460422090106105779458151,30927,03156140333212728491...10610577945815130927,109,1,100000,1,30927,True,False,30927,30927,30927,30927
1500000,1499900,100,5,4,175,8,183,171,794715117319607737991914462295,24435,12975442171058259092...73799191446229524435,110,1,100000,1,24435,True,False,24435,24435,24435,24435
10000,9900,100,10,4,183,0,183,171,959688159205600101655256375678,5667227966,26456001623742880210...52563756785667227966,110,2,10000000000,2,,False,True,5667227965,5667227966,5667227965,5667227966
50000,49900,100,10,4,183,0,183,171,112718106910522900246574236041,3009369188,15840522953693749971...65742360413009369188,110,2,10000000000,2,,False,True,3009369188,3009369189,3009369188,3009369189
100000,99900,100,10,4,183,0,183,171,712790913767420805655493624646,4126002437,85750163634113146275...54936246464126002437,111,2,10000000000,2,,False,True,4126002437,4126002438,4126002437,4126002438
500000,499900,100,10,4,183,0,183,171,193325290740424876025138195242,6973910175,53416523703165307043...51381952426973910175,110,2,10000000000,2,,False,True,6973910175,6973910176,6973910175,6973910176
1000000,999900,100,10,4,183,0,183,171,996346460422090106105779458151,3092756283,03156140333212728491...57794581513092756283,109,2,10000000000,2,,False,True,3092756282,3092756283,3092756282,3092756283
1500000,1499900,100,10,4,183,0,183,171,794715117319607737991914462295,2443520595,12975442171058259092...19144622952443520595,110,2,10000000000,2,,False,True,2443520594,2443520595,2443520594,2443520595
10000,9900,100,10,4,183,2,185,172,959688159205600101655256375678,5667227966,26456001623742880210...52563756785667227966,111,1,10000000000,1,5667227966,True,False,5667227966,5667227966,5667227966,5667227966
50000,49900,100,10,4,183,2,185,172,112718106910522900246574236041,3009369188,15840522953693749971...65742360413009369188,111,1,10000000000,1,3009369188,True,False,3009369188,3009369188,3009369188,3009369188
100000,99900,100,10,4,183,2,185,172,712790913767420805655493624646,4126002437,85750163634113146275...54936246464126002437,112,1,10000000000,1,4126002437,True,False,4126002437,4126002437,4126002437,4126002437
500000,499900,100,10,4,183,2,185,172,193325290740424876025138195242,6973910175,53416523703165307043...51381952426973910175,112,1,10000000000,1,6973910175,True,False,6973910175,6973910175,6973910175,6973910175
1000000,999900,100,10,4,183,2,185,172,996346460422090106105779458151,3092756283,03156140333212728491...57794581513092756283,110,1,10000000000,1,3092756283,True,False,3092756283,3092756283,3092756283,3092756283
1500000,1499900,100,10,4,183,2,185,172,794715117319607737991914462295,2443520595,12975442171058259092...19144622952443520595,111,2,10000000000,2,,False,True,2443520594,2443520595,2443520594,2443520595
10000,9900,100,10,4,183,8,191,175,959688159205600101655256375678,5667227966,26456001623742880210...52563756785667227966,115,1,10000000000,1,5667227966,True,False,5667227966,5667227966,5667227966,5667227966
50000,49900,100,10,4,183,8,191,175,112718106910522900246574236041,3009369188,15840522953693749971...65742360413009369188,115,1,10000000000,1,3009369188,True,False,3009369188,3009369188,3009369188,3009369188
100000,99900,100,10,4,183,8,191,175,712790913767420805655493624646,4126002437,85750163634113146275...54936246464126002437,115,1,10000000000,1,4126002437,True,False,4126002437,4126002437,4126002437,4126002437
500000,499900,100,10,4,183,8,191,175,193325290740424876025138195242,6973910175,53416523703165307043...51381952426973910175,115,1,10000000000,1,6973910175,True,False,6973910175,6973910175,6973910175,6973910175
1000000,999900,100,10,4,183,8,191,175,996346460422090106105779458151,3092756283,03156140333212728491...57794581513092756283,114,1,10000000000,1,3092756283,True,False,3092756283,3092756283,3092756283,3092756283
1500000,1499900,100,10,4,183,8,191,175,794715117319607737991914462295,2443520595,12975442171058259092...19144622952443520595,115,1,10000000000,1,2443520595,True,False,2443520595,2443520595,2443520595,2443520595
10000,9900,100,100,4,333,0,333,261,959688159205600101655256375678,5667227966198857827948488558343975187445455129656344348039664205579829368043522027709842942325330225,26456001623742880210...27709842942325330225,200,1,10000000000000000000000000000000000000000000000000000000000000000000000000000000000000000000000000000,1,5667227966198857827948488558343975187445455129656344348039664205579829368043522027709842942325330225,True,False,5667227966198857827948488558343975187445455129656344348039664205579829368043522027709842942325330225,5667227966198857827948488558343975187445455129656344348039664205579829368043522027709842942325330225,5667227966198857827948488558343975187445455129656344348039664205579829368043522027709842942325330225,5667227966198857827948488558343975187445455129656344348039664205579829368043522027709842942325330225
50000,49900,100,100,4,333,0,333,261,112718106910522900246574236041,3009369188925586578466846121567955425660541600507127664176605687427420032957716064344860620123982169,15840522953693749971...64344860620123982169,200,1,10000000000000000000000000000000000000000000000000000000000000000000000000000000000000000000000000000,1,3009369188925586578466846121567955425660541600507127664176605687427420032957716064344860620123982169,True,False,3009369188925586578466846121567955425660541600507127664176605687427420032957716064344860620123982169,3009369188925586578466846121567955425660541600507127664176605687427420032957716064344860620123982169,3009369188925586578466846121567955425660541600507127664176605687427420032957716064344860620123982169,3009369188925586578466846121567955425660541600507127664176605687427420032957716064344860620123982169
100000,99900,100,100,4,333,0,333,261,712790913767420805655493624646,4126002437968454377733902647251281941632007684873625176406596754069362175887930785591647877727473927,85750163634113146275...85591647877727473927,201,1,10000000000000000000000000000000000000000000000000000000000000000000000000000000000000000000000000000,1,4126002437968454377733902647251281941632007684873625176406596754069362175887930785591647877727473927,True,False,4126002437968454377733902647251281941632007684873625176406596754069362175887930785591647877727473927,4126002437968454377733902647251281941632007684873625176406596754069362175887930785591647877727473927,4126002437968454377733902647251281941632007684873625176406596754069362175887930785591647877727473927,4126002437968454377733902647251281941632007684873625176406596754069362175887930785591647877727473927
500000,499900,100,100,4,333,0,333,261,193325290740424876025138195242,6973910175637197534300447961782504311533150675825627353434762525391425152757047878437678852418719663,53416523703165307043...78437678852418719663,201,1,10000000000000000000000000000000000000000000000000000000000000000000000000000000000000000000000000000,1,6973910175637197534300447961782504311533150675825627353434762525391425152757047878437678852418719663,True,False,6973910175637197534300447961782504311533150675825627353434762525391425152757047878437678852418719663,6973910175637197534300447961782504311533150675825627353434762525391425152757047878437678852418719663,6973910175637197534300447961782504311533150675825627353434762525391425152757047878437678852418719663,6973910175637197534300447961782504311533150675825627353434762525391425152757047878437678852418719663
1000000,999900,100,100,4,333,0,333,261,996346460422090106105779458151,3092756283208453158465200102779723561292301260586353601164920990258745552140396979115340224158981324,03156140333212728491...79115340224158981324,199,1,10000000000000000000000000000000000000000000000000000000000000000000000000000000000000000000000000000,1,3092756283208453158465200102779723561292301260586353601164920990258745552140396979115340224158981324,True,False,3092756283208453158465200102779723561292301260586353601164920990258745552140396979115340224158981324,3092756283208453158465200102779723561292301260586353601164920990258745552140396979115340224158981324,3092756283208453158465200102779723561292301260586353601164920990258745552140396979115340224158981324,3092756283208453158465200102779723561292301260586353601164920990258745552140396979115340224158981324
1500000,1499900,100,100,4,333,0,333,261,794715117319607737991914462295,2443520595016814213779537419131030028746318823960139328314993633816662265471213266946859790024094766,12975442171058259092...66946859790024094766,200,2,10000000000000000000000000000000000000000000000000000000000000000000000000000000000000000000000000000,2,,False,True,2443520595016814213779537419131030028746318823960139328314993633816662265471213266946859790024094766,2443520595016814213779537419131030028746318823960139328314993633816662265471213266946859790024094767,2443520595016814213779537419131030028746318823960139328314993633816662265471213266946859790024094766,2443520595016814213779537419131030028746318823960139328314993633816662265471213266946859790024094767
10000,9900,100,100,4,333,2,335,262,959688159205600101655256375678,5667227966198857827948488558343975187445455129656344348039664205579829368043522027709842942325330225,26456001623742880210...27709842942325330225,202,1,10000000000000000000000000000000000000000000000000000000000000000000000000000000000000000000000000000,1,5667227966198857827948488558343975187445455129656344348039664205579829368043522027709842942325330225,True,False,5667227966198857827948488558343975187445455129656344348039664205579829368043522027709842942325330225,5667227966198857827948488558343975187445455129656344348039664205579829368043522027709842942325330225,5667227966198857827948488558343975187445455129656344348039664205579829368043522027709842942325330225,5667227966198857827948488558343975187445455129656344348039664205579829368043522027709842942325330225
50000,49900,100,100,4,333,2,335,262,112718106910522900246574236041,3009369188925586578466846121567955425660541600507127664176605687427420032957716064344860620123982169,15840522953693749971...64344860620123982169,201,1,10000000000000000000000000000000000000000000000000000000000000000000000000000000000000000000000000000,1,3009369188925586578466846121567955425660541600507127664176605687427420032957716064344860620123982169,True,False,3009369188925586578466846121567955425660541600507127664176605687427420032957716064344860620123982169,3009369188925586578466846121567955425660541600507127664176605687427420032957716064344860620123982169,3009369188925586578466846121567955425660541600507127664176605687427420032957716064344860620123982169,3009369188925586578466846121567955425660541600507127664176605687427420032957716064344860620123982169
100000,99900,100,100,4,333,2,335,262,712790913767420805655493624646,4126002437968454377733902647251281941632007684873625176406596754069362175887930785591647877727473927,85750163634113146275...85591647877727473927,202,1,10000000000000000000000000000000000000000000000000000000000000000000000000000000000000000000000000000,1,4126002437968454377733902647251281941632007684873625176406596754069362175887930785591647877727473927,True,False,4126002437968454377733902647251281941632007684873625176406596754069362175887930785591647877727473927,4126002437968454377733902647251281941632007684873625176406596754069362175887930785591647877727473927,4126002437968454377733902647251281941632007684873625176406596754069362175887930785591647877727473927,4126002437968454377733902647251281941632007684873625176406596754069362175887930785591647877727473927
500000,499900,100,100,4,333,2,335,262,193325290740424876025138195242,6973910175637197534300447961782504311533150675825627353434762525391425152757047878437678852418719663,53416523703165307043...78437678852418719663,202,1,10000000000000000000000000000000000000000000000000000000000000000000000000000000000000000000000000000,1,6973910175637197534300447961782504311533150675825627353434762525391425152757047878437678852418719663,True,False,6973910175637197534300447961782504311533150675825627353434762525391425152757047878437678852418719663,6973910175637197534300447961782504311533150675825627353434762525391425152757047878437678852418719663,6973910175637197534300447961782504311533150675825627353434762525391425152757047878437678852418719663,6973910175637197534300447961782504311533150675825627353434762525391425152757047878437678852418719663
1000000,999900,100,100,4,333,2,335,262,996346460422090106105779458151,3092756283208453158465200102779723561292301260586353601164920990258745552140396979115340224158981324,03156140333212728491...79115340224158981324,201,1,10000000000000000000000000000000000000000000000000000000000000000000000000000000000000000000000000000,1,3092756283208453158465200102779723561292301260586353601164920990258745552140396979115340224158981324,True,False,3092756283208453158465200102779723561292301260586353601164920990258745552140396979115340224158981324,3092756283208453158465200102779723561292301260586353601164920990258745552140396979115340224158981324,3092756283208453158465200102779723561292301260586353601164920990258745552140396979115340224158981324,3092756283208453158465200102779723561292301260586353601164920990258745552140396979115340224158981324
1500000,1499900,100,100,4,333,2,335,262,794715117319607737991914462295,2443520595016814213779537419131030028746318823960139328314993633816662265471213266946859790024094766,12975442171058259092...66946859790024094766,201,1,10000000000000000000000000000000000000000000000000000000000000000000000000000000000000000000000000000,1,2443520595016814213779537419131030028746318823960139328314993633816662265471213266946859790024094766,True,False,2443520595016814213779537419131030028746318823960139328314993633816662265471213266946859790024094766,2443520595016814213779537419131030028746318823960139328314993633816662265471213266946859790024094766,2443520595016814213779537419131030028746318823960139328314993633816662265471213266946859790024094766,2443520595016814213779537419131030028746318823960139328314993633816662265471213266946859790024094766
10000,9900,100,100,4,333,8,341,266,959688159205600101655256375678,5667227966198857827948488558343975187445455129656344348039664205579829368043522027709842942325330225,26456001623742880210...27709842942325330225,205,1,10000000000000000000000000000000000000000000000000000000000000000000000000000000000000000000000000000,1,5667227966198857827948488558343975187445455129656344348039664205579829368043522027709842942325330225,True,False,5667227966198857827948488558343975187445455129656344348039664205579829368043522027709842942325330225,5667227966198857827948488558343975187445455129656344348039664205579829368043522027709842942325330225,5667227966198857827948488558343975187445455129656344348039664205579829368043522027709842942325330225,5667227966198857827948488558343975187445455129656344348039664205579829368043522027709842942325330225
50000,49900,100,100,4,333,8,341,266,112718106910522900246574236041,3009369188925586578466846121567955425660541600507127664176605687427420032957716064344860620123982169,15840522953693749971...64344860620123982169,205,1,10000000000000000000000000000000000000000000000000000000000000000000000000000000000000000000000000000,1,3009369188925586578466846121567955425660541600507127664176605687427420032957716064344860620123982169,True,False,3009369188925586578466846121567955425660541600507127664176605687427420032957716064344860620123982169,3009369188925586578466846121567955425660541600507127664176605687427420032957716064344860620123982169,3009369188925586578466846121567955425660541600507127664176605687427420032957716064344860620123982169,3009369188925586578466846121567955425660541600507127664176605687427420032957716064344860620123982169
100000,99900,100,100,4,333,8,341,266,712790913767420805655493624646,4126002437968454377733902647251281941632007684873625176406596754069362175887930785591647877727473927,85750163634113146275...85591647877727473927,206,1,10000000000000000000000000000000000000000000000000000000000000000000000000000000000000000000000000000,1,4126002437968454377733902647251281941632007684873625176406596754069362175887930785591647877727473927,True,False,4126002437968454377733902647251281941632007684873625176406596754069362175887930785591647877727473927,4126002437968454377733902647251281941632007684873625176406596754069362175887930785591647877727473927,4126002437968454377733902647251281941632007684873625176406596754069362175887930785591647877727473927,4126002437968454377733902647251281941632007684873625176406596754069362175887930785591647877727473927
500000,499900,100,100,4,333,8,341,266,193325290740424876025138195242,6973910175637197534300447961782504311533150675825627353434762525391425152757047878437678852418719663,53416523703165307043...78437678852418719663,206,1,10000000000000000000000000000000000000000000000000000000000000000000000000000000000000000000000000000,1,6973910175637197534300447961782504311533150675825627353434762525391425152757047878437678852418719663,True,False,6973910175637197534300447961782504311533150675825627353434762525391425152757047878437678852418719663,6973910175637197534300447961782504311533150675825627353434762525391425152757047878437678852418719663,6973910175637197534300447961782504311533150675825627353434762525391425152757047878437678852418719663,6973910175637197534300447961782504311533150675825627353434762525391425152757047878437678852418719663
1000000,999900,100,100,4,333,8,341,266,996346460422090106105779458151,3092756283208453158465200102779723561292301260586353601164920990258745552140396979115340224158981324,03156140333212728491...79115340224158981324,204,1,10000000000000000000000000000000000000000000000000000000000000000000000000000000000000000000000000000,1,3092756283208453158465200102779723561292301260586353601164920990258745552140396979115340224158981324,True,False,3092756283208453158465200102779723561292301260586353601164920990258745552140396979115340224158981324,3092756283208453158465200102779723561292301260586353601164920990258745552140396979115340224158981324,3092756283208453158465200102779723561292301260586353601164920990258745552140396979115340224158981324,3092756283208453158465200102779723561292301260586353601164920990258745552140396979115340224158981324
1500000,1499900,100,100,4,333,8,341,266,794715117319607737991914462295,2443520595016814213779537419131030028746318823960139328314993633816662265471213266946859790024094766,12975442171058259092...66946859790024094766,205,1,10000000000000000000000000000000000000000000000000000000000000000000000000000000000000000000000000000,1,2443520595016814213779537419131030028746318823960139328314993633816662265471213266946859790024094766,True,False,2443520595016814213779537419131030028746318823960139328314993633816662265471213266946859790024094766,2443520595016814213779537419131030028746318823960139328314993633816662265471213266946859790024094766,2443520595016814213779537419131030028746318823960139328314993633816662265471213266946859790024094766,2443520595016814213779537419131030028746318823960139328314993633816662265471213266946859790024094766
10000,9900,100,10,2,366,0,366,171,959688159205600101655256375678,5667227966,26456001623742880210...52563756785667227966,110,2,10000000000,2,,False,True,5667227965,5667227966,5667227965,5667227966
50000,49900,100,10,2,366,0,366,171,112718106910522900246574236041,3009369188,15840522953693749971...65742360413009369188,110,2,10000000000,2,,False,True,3009369188,3009369189,3009369188,3009369189
100000,99900,100,10,2,366,0,366,171,712790913767420805655493624646,4126002437,85750163634113146275...54936246464126002437,111,2,10000000000,2,,False,True,4126002437,4126002438,4126002437,4126002438
500000,499900,100,10,2,366,0,366,171,193325290740424876025138195242,6973910175,53416523703165307043...51381952426973910175,110,2,10000000000,2,,False,True,6973910175,6973910176,6973910175,6973910176
1000000,999900,100,10,2,366,0,366,171,996346460422090106105779458151,3092756283,03156140333212728491...57794581513092756283,109,2,10000000000,2,,False,True,3092756282,3092756283,3092756282,3092756283
1500000,1499900,100,10,2,366,0,366,171,794715117319607737991914462295,2443520595,12975442171058259092...19144622952443520595,110,2,10000000000,2,,False,True,2443520594,2443520595,2443520594,2443520595
10000,9900,100,10,2,366,2,368,171,959688159205600101655256375678,5667227966,26456001623742880210...52563756785667227966,111,1,10000000000,1,5667227966,True,False,5667227966,5667227966,5667227966,5667227966
50000,49900,100,10,2,366,2,368,171,112718106910522900246574236041,3009369188,15840522953693749971...65742360413009369188,110,2,10000000000,2,,False,True,3009369188,3009369189,3009369188,3009369189
100000,99900,100,10,2,366,2,368,171,712790913767420805655493624646,4126002437,85750163634113146275...54936246464126002437,111,2,10000000000,2,,False,True,4126002437,4126002438,4126002437,4126002438
500000,499900,100,10,2,366,2,368,171,193325290740424876025138195242,6973910175,53416523703165307043...51381952426973910175,111,1,10000000000,1,6973910175,True,False,6973910175,6973910175,6973910175,6973910175
1000000,999900,100,10,2,366,2,368,171,996346460422090106105779458151,3092756283,03156140333212728491...57794581513092756283,110,1,10000000000,1,3092756283,True,False,3092756283,3092756283,3092756283,3092756283
1500000,1499900,100,10,2,366,2,368,171,794715117319607737991914462295,2443520595,12975442171058259092...19144622952443520595,110,2,10000000000,2,,False,True,2443520594,2443520595,2443520594,2443520595
10000,9900,100,10,2,366,8,374,173,959688159205600101655256375678,5667227966,26456001623742880210...52563756785667227966,113,1,10000000000,1,5667227966,True,False,5667227966,5667227966,5667227966,5667227966
50000,49900,100,10,2,366,8,374,173,112718106910522900246574236041,3009369188,15840522953693749971...65742360413009369188,112,1,10000000000,1,3009369188,True,False,3009369188,3009369188,3009369188,3009369188
100000,99900,100,10,2,366,8,374,173,712790913767420805655493624646,4126002437,85750163634113146275...54936246464126002437,113,1,10000000000,1,4126002437,True,False,4126002437,4126002437,4126002437,4126002437
500000,499900,100,10,2,366,8,374,173,193325290740424876025138195242,6973910175,53416523703165307043...51381952426973910175,113,1,10000000000,1,6973910175,True,False,6973910175,6973910175,6973910175,6973910175
1000000,999900,100,10,2,366,8,374,173,996346460422090106105779458151,3092756283,03156140333212728491...57794581513092756283,112,1,10000000000,1,3092756283,True,False,3092756283,3092756283,3092756283,3092756283
1500000,1499900,100,10,2,366,8,374,173,794715117319607737991914462295,2443520595,12975442171058259092...19144622952443520595,112,1,10000000000,1,2443520595,True,False,2443520595,2443520595,2443520595,2443520595
10000,9900,100,10,16,92,0,92,171,959688159205600101655256375678,5667227966,26456001623742880210...52563756785667227966,111,1,10000000000,1,5667227966,True,False,5667227966,5667227966,5667227966,5667227966
50000,49900,100,10,16,92,0,92,171,112718106910522900246574236041,3009369188,15840522953693749971...65742360413009369188,110,2,10000000000,2,,False,True,3009369188,3009369189,3009369188,3009369189
100000,99900,100,10,16,92,0,92,171,712790913767420805655493624646,4126002437,85750163634113146275...54936246464126002437,111,2,10000000000,2,,False,True,4126002437,4126002438,4126002437,4126002438
500000,499900,100,10,16,92,0,92,171,193325290740424876025138195242,6973910175,53416523703165307043...51381952426973910175,111,1,10000000000,1,6973910175,True,False,6973910175,6973910175,6973910175,6973910175
1000000,999900,100,10,16,92,0,92,171,996346460422090106105779458151,3092756283,03156140333212728491...57794581513092756283,110,1,10000000000,1,3092756283,True,False,3092756283,3092756283,3092756283,3092756283
1500000,1499900,100,10,16,92,0,92,171,794715117319607737991914462295,2443520595,12975442171058259092...19144622952443520595,110,2,10000000000,2,,False,True,2443520594,2443520595,2443520594,2443520595
10000,9900,100,10,16,92,2,94,174,959688159205600101655256375678,5667227966,26456001623742880210...52563756785667227966,113,1,10000000000,1,5667227966,True,False,5667227966,5667227966,5667227966,5667227966
50000,49900,100,10,16,92,2,94,174,112718106910522900246574236041,3009369188,15840522953693749971...65742360413009369188,113,1,10000000000,1,3009369188,True,False,3009369188,3009369188,3009369188,3009369188
100000,99900,100,10,16,92,2,94,174,712790913767420805655493624646,4126002437,85750163634113146275...54936246464126002437,114,1,10000000000,1,4126002437,True,False,4126002437,4126002437,4126002437,4126002437
500000,499900,100,10,16,92,2,94,174,193325290740424876025138195242,6973910175,53416523703165307043...51381952426973910175,113,1,10000000000,1,6973910175,True,False,6973910175,6973910175,6973910175,6973910175
1000000,999900,100,10,16,92,2,94,174,996346460422090106105779458151,3092756283,03156140333212728491...57794581513092756283,112,1,10000000000,1,3092756283,True,False,3092756283,3092756283,3092756283,3092756283
1500000,1499900,100,10,16,92,2,94,174,794715117319607737991914462295,2443520595,12975442171058259092...19144622952443520595,113,1,10000000000,1,2443520595,True,False,2443520595,2443520595,2443520595,2443520595
10000,9900,100,10,16,92,8,100,181,959688159205600101655256375678,5667227966,26456001623742880210...52563756785667227966,120,1,10000000000,1,5667227966,True,False,5667227966,5667227966,5667227966,5667227966
50000,49900,100,10,16,92,8,100,181,112718106910522900246574236041,3009369188,15840522953693749971...65742360413009369188,120,1,10000000000,1,3009369188,True,False,3009369188,3009369188,3009369188,3009369188
100000,99900,100,10,16,92,8,100,181,712790913767420805655493624646,4126002437,85750163634113146275...54936246464126002437,121,1,10000000000,1,4126002437,True,False,4126002437,4126002437,4126002437,4126002437
500000,499900,100,10,16,92,8,100,181,193325290740424876025138195242,6973910175,53416523703165307043...51381952426973910175,121,1,10000000000,1,6973910175,True,False,6973910175,6973910175,6973910175,6973910175
1000000,999900,100,10,16,92,8,100,181,996346460422090106105779458151,3092756283,03156140333212728491...57794581513092756283,119,1,10000000000,1,3092756283,True,False,3092756283,3092756283,3092756283,3092756283
1500000,1499900,100,10,16,92,8,100,181,794715117319607737991914462295,2443520595,12975442171058259092...19144622952443520595,120,1,10000000000,1,2443520595,True,False,2443520595,2443520595,2443520595,2443520595
