occurrence_index,M_zero_based,position_1based,left_context,anchor,right_context,relative_window,negative_read_offset,negative_read_length,positive_read_offset,positive_read_length,system,prefix_length,anchor_prefix
0,102,103,4825342117067982,14,8086513282306647,4825342117067982148086513282306647,-16,16,2,16,decimal,2,14
1,249,250,6783165271201909,14,5648566923460348,6783165271201909145648566923460348,-16,16,2,16,decimal,2,14
2,294,295,8213393607260249,14,1273724587006606,8213393607260249141273724587006606,-16,16,2,16,decimal,2,14
3,384,385,0548820466521384,14,6951941511609433,0548820466521384146951941511609433,-16,16,2,16,decimal,2,14
4,609,610,9405132000568127,14,5263560827785771,9405132000568127145263560827785771,-16,16,2,16,decimal,2,14
5,650,651,8960917363717872,14,6844090122495343,8960917363717872146844090122495343,-16,16,2,16,decimal,2,14
6,669,670,8440901224953430,14,6549585371050792,8440901224953430146549585371050792,-16,16,2,16,decimal,2,14
7,881,882,5288658753320838,14,2061717766914730,5288658753320838142061717766914730,-16,16,2,16,decimal,2,14
8,894,895,8381420617177669,14,7303598253490428,8381420617177669147303598253490428,-16,16,2,16,decimal,2,14
9,1381,1382,6402474964732639,14,1992726042699227,6402474964732639141992726042699227,-16,16,2,16,decimal,2,14
10,1611,1612,3800081647060016,14,5249192173217214,3800081647060016145249192173217214,-16,16,2,16,decimal,2,14
11,1627,1628,1452491921732172,14,7723501414419735,1452491921732172147723501414419735,-16,16,2,16,decimal,2,14
12,1635,1636,2173217214772350,14,1441973568548161,2173217214772350141441973568548161,-16,16,2,16,decimal,2,14
13,1637,1638,7321721477235014,14,4197356854816136,7321721477235014144197356854816136,-16,16,2,16,decimal,2,14
14,1695,1696,8438523323907394,14,3334547762416862,8438523323907394143334547762416862,-16,16,2,16,decimal,2,14
15,1811,1812,8438382796797668,14,5410095388378636,8438382796797668145410095388378636,-16,16,2,16,decimal,2,14
16,2066,2067,2671947826848260,14,7699090264013639,2671947826848260147699090264013639,-16,16,2,16,decimal,2,14
17,2117,2118,9625245174939965,14,3142980919065925,9625245174939965143142980919065925,-16,16,2,16,decimal,2,14
18,2120,2121,5245174939965143,14,2980919065925093,5245174939965143142980919065925093,-16,16,2,16,decimal,2,14
19,2330,2331,4976278079771569,14,3599770012961608,4976278079771569143599770012961608,-16,16,2,16,decimal,2,14
20,2538,2539,4025228879710893,14,5669136867228748,4025228879710893145669136867228748,-16,16,2,16,decimal,2,14
21,2605,2606,9178249385890097,14,9096759852613655,9178249385890097149096759852613655,-16,16,2,16,decimal,2,14
22,2665,2666,7226588048575640,14,2704775551323796,7226588048575640142704775551323796,-16,16,2,16,decimal,2,14
23,2684,2685,7047755513237964,14,5152374623436454,7047755513237964145152374623436454,-16,16,2,16,decimal,2,14
24,2724,2725,4795265867821051,14,1354735739523113,4795265867821051141354735739523113,-16,16,2,16,decimal,2,14
25,2762,2763,6610213596953623,14,4295248493718711,6610213596953623144295248493718711,-16,16,2,16,decimal,2,14
26,2781,2782,2952484937187110,14,5765403590279934,2952484937187110145765403590279934,-16,16,2,16,decimal,2,14
27,2843,2844,4780847848968332,14,4571386875194350,4780847848968332144571386875194350,-16,16,2,16,decimal,2,14
28,2887,2888,1910484810053706,14,6806749192781911,1910484810053706146806749192781911,-16,16,2,16,decimal,2,14
29,2915,2916,7819119793995206,14,1966342875444064,7819119793995206141966342875444064,-16,16,2,16,decimal,2,14
30,2965,2966,9983910159195618,14,6751426912397489,9983910159195618146751426912397489,-16,16,2,16,decimal,2,14
31,2970,2971,1015919561814675,14,2691239748940907,1015919561814675142691239748940907,-16,16,2,16,decimal,2,14
32,3012,3013,1961567945208095,14,6550225231603881,1961567945208095146550225231603881,-16,16,2,16,decimal,2,14
33,3033,3034,0225231603881930,14,2093762137855956,0225231603881930142093762137855956,-16,16,2,16,decimal,2,14
34,3095,3096,2218256259966150,14,2150306803844773,2218256259966150142150306803844773,-16,16,2,16,decimal,2,14
35,3124,3125,4477345492026054,14,6659252014974428,4477345492026054146659252014974428,-16,16,2,16,decimal,2,14
36,3134,3135,0260541466592520,14,9744285073251866,0260541466592520149744285073251866,-16,16,2,16,decimal,2,14
37,3185,3186,1048633173464965,14,5390579626856100,1048633173464965145390579626856100,-16,16,2,16,decimal,2,14
38,3236,3237,6357473638405257,14,5910289706414011,6357473638405257145910289706414011,-16,16,2,16,decimal,2,14
39,3249,3250,2571459102897064,14,0110971206280439,2571459102897064140110971206280439,-16,16,2,16,decimal,2,14
40,3324,3325,3176359421873125,14,7120532928191826,3176359421873125147120532928191826,-16,16,2,16,decimal,2,14
41,3361,3362,1258673215791984,14,8488291644706095,1258673215791984148488291644706095,-16,16,2,16,decimal,2,14
42,3474,3475,8357915136988209,14,4421006751033467,8357915136988209144421006751033467,-16,16,2,16,decimal,2,14
43,3496,3497,0067510334671103,14,1267111369908658,0067510334671103141267111369908658,-16,16,2,16,decimal,2,14
44,3540,3541,1970165151168517,14,3765761835155650,1970165151168517143765761835155650,-16,16,2,16,decimal,2,14
45,3647,3648,0467525907091548,14,1654985946163718,0467525907091548141654985946163718,-16,16,2,16,decimal,2,14
46,3756,3757,9746366730583604,14,2813883032038249,9746366730583604142813883032038249,-16,16,2,16,decimal,2,14
47,3903,3904,4783123552658213,14,4957685726243344,4783123552658213144957685726243344,-16,16,2,16,decimal,2,14
48,4171,4172,9654126654085306,14,3444318586769751,9654126654085306143444318586769751,-16,16,2,16,decimal,2,14
49,4188,4189,4344431858676975,14,5661406800700237,4344431858676975145661406800700237,-16,16,2,16,decimal,2,14
0,294,295,8213393607260249,141,2737245870066063,82133936072602491412737245870066063,-16,16,3,16,decimal,3,141
1,1381,1382,6402474964732639,141,9927260426992279,64024749647326391419927260426992279,-16,16,3,16,decimal,3,141
2,1635,1636,2173217214772350,141,4419735685481613,21732172147723501414419735685481613,-16,16,3,16,decimal,3,141
3,2724,2725,4795265867821051,141,3547357395231134,47952658678210511413547357395231134,-16,16,3,16,decimal,3,141
4,2915,2916,7819119793995206,141,9663428754440643,78191197939952061419663428754440643,-16,16,3,16,decimal,3,141
5,3496,3497,0067510334671103,141,2671113699086585,00675103346711031412671113699086585,-16,16,3,16,decimal,3,141
6,3647,3648,0467525907091548,141,6549859461637180,04675259070915481416549859461637180,-16,16,3,16,decimal,3,141
7,5105,5106,9640048243540370,141,6314965897940924,96400482435403701416314965897940924,-16,16,3,16,decimal,3,141
8,6954,6955,8827372319898757,141,5957811196358330,88273723198987571415957811196358330,-16,16,3,16,decimal,3,141
9,7391,7392,1095359194658975,141,3103482276930624,10953591946589751413103482276930624,-16,16,3,16,decimal,3,141
10,7765,7766,4847565169998116,141,0100299607838690,48475651699981161410100299607838690,-16,16,3,16,decimal,3,141
11,8765,8766,6302549478024901,141,9521238281530911,63025494780249011419521238281530911,-16,16,3,16,decimal,3,141
12,9487,9488,1605049221242470,141,2147805734551050,16050492212424701412147805734551050,-16,16,3,16,decimal,3,141
13,9546,9547,8108175450119307,141,2233908663938339,81081754501193071412233908663938339,-16,16,3,16,decimal,3,141
14,9804,9805,9683440869735020,141,0206723585020072,96834408697350201410206723585020072,-16,16,3,16,decimal,3,141
15,12431,12432,8857357960373245,141,4678670368809880,88573579603732451414678670368809880,-16,16,3,16,decimal,3,141
16,15468,15469,4380012543650237,141,2783467926101995,43800125436502371412783467926101995,-16,16,3,16,decimal,3,141
17,15961,15962,6039038455343729,141,4465134749407848,60390384553437291414465134749407848,-16,16,3,16,decimal,3,141
18,16226,16227,0569010801149427,141,0093913691381072,05690108011494271410093913691381072,-16,16,3,16,decimal,3,141
19,20020,20021,5653909910477594,141,3215432844062503,56539099104775941413215432844062503,-16,16,3,16,decimal,3,141
20,20492,20493,7259284406204302,141,1371992278526998,72592844062043021411371992278526998,-16,16,3,16,decimal,3,141
21,21640,21641,8055201898876201,141,6800546873655806,80552018988762011416800546873655806,-16,16,3,16,decimal,3,141
22,22731,22732,5966886676956349,141,6328426414974533,59668866769563491416328426414974533,-16,16,3,16,decimal,3,141
23,22828,22829,1373640343675347,141,0483601754648830,13736403436753471410483601754648830,-16,16,3,16,decimal,3,141
24,23766,23767,7001791391961379,141,7162707018958469,70017913919613791417162707018958469,-16,16,3,16,decimal,3,141
25,24037,24038,1197755306659188,141,1915778362729274,11977553066591881411915778362729274,-16,16,3,16,decimal,3,141
26,24227,24228,7314552520780799,141,8429063884437349,73145525207807991418429063884437349,-16,16,3,16,decimal,3,141
27,26279,26280,2622296179081431,141,4660941234159359,26222961790814311414660941234159359,-16,16,3,16,decimal,3,141
28,26553,26554,9861552759820145,141,0275600689297502,98615527598201451410275600689297502,-16,16,3,16,decimal,3,141
29,26612,26613,8935285550531733,141,6457050499644389,89352855505317331416457050499644389,-16,16,3,16,decimal,3,141
30,27559,27560,8305001602567240,141,8515204189070115,83050016025672401418515204189070115,-16,16,3,16,decimal,3,141
31,28228,28229,8399718444907279,141,9658459300839426,83997184449072791419658459300839426,-16,16,3,16,decimal,3,141
32,29135,29136,1375709103463327,141,5316223280552297,13757091034633271415316223280552297,-16,16,3,16,decimal,3,141
33,31139,31140,7082459251700107,141,8085480063692325,70824592517001071418085480063692325,-16,16,3,16,decimal,3,141
34,32925,32926,1621184236876851,141,8316068315867994,16211842368768511418316068315867994,-16,16,3,16,decimal,3,141
35,35484,35485,8654375428282567,141,2885834544435132,86543754282825671412885834544435132,-16,16,3,16,decimal,3,141
36,35557,35558,9644769587054072,141,9852121067343324,96447695870540721419852121067343324,-16,16,3,16,decimal,3,141
37,36766,36767,5633485820365146,141,8700492057043720,56334858203651461418700492057043720,-16,16,3,16,decimal,3,141
38,38210,38211,9908928084866949,141,3909771673690027,99089280848669491413909771673690027,-16,16,3,16,decimal,3,141
39,38835,38836,3175711432231741,141,1680622864206388,31757114322317411411680622864206388,-16,16,3,16,decimal,3,141
40,40320,40321,8260764740630571,141,1098839388095481,82607647406305711411098839388095481,-16,16,3,16,decimal,3,141
41,40673,40674,4895814681191336,141,2125878389557735,48958146811913361412125878389557735,-16,16,3,16,decimal,3,141
42,42125,42126,6659878136038023,141,2683690578319046,66598781360380231412683690578319046,-16,16,3,16,decimal,3,141
43,43869,43870,5603981596264750,141,0906658866162180,56039815962647501410906658866162180,-16,16,3,16,decimal,3,141
44,45233,45234,7970818743209499,141,5959339636811062,79708187432094991415959339636811062,-16,16,3,16,decimal,3,141
45,45902,45903,5301608215599113,141,4420509144729353,53016082155991131414420509144729353,-16,16,3,16,decimal,3,141
46,46021,46022,5576435143382060,141,0773292610634315,55764351433820601410773292610634315,-16,16,3,16,decimal,3,141
47,46721,46722,7390124820824448,141,2809544377389832,73901248208244481412809544377389832,-16,16,3,16,decimal,3,141
48,48600,48601,5425764748832534,141,2132800626717094,54257647488325341412132800626717094,-16,16,3,16,decimal,3,141
49,50884,50885,3298821033984698,141,7157560108297065,32988210339846981417157560108297065,-16,16,3,16,decimal,3,141
0,6954,6955,8827372319898757,1415,9578111963583300,882737231989875714159578111963583300,-16,16,4,16,decimal,4,1415
1,29135,29136,1375709103463327,1415,3162232805522972,137570910346332714153162232805522972,-16,16,4,16,decimal,4,1415
2,45233,45234,7970818743209499,1415,9593396368110627,797081874320949914159593396368110627,-16,16,4,16,decimal,4,1415
3,79686,79687,8196138116256391,1415,6103268449580725,819613811625639114156103268449580725,-16,16,4,16,decimal,4,1415
4,85879,85880,9814031505633045,1415,6441462316376380,981403150563304514156441462316376380,-16,16,4,16,decimal,4,1415
5,88008,88009,5145933304962653,1415,1413861244379358,514593330496265314151413861244379358,-16,16,4,16,decimal,4,1415
6,101234,101235,3404527721910699,1415,7646394852311267,340452772191069914157646394852311267,-16,16,4,16,decimal,4,1415
7,106403,106404,4301808720988855,1415,0241638183259752,430180872098885514150241638183259752,-16,16,4,16,decimal,4,1415
8,109568,109569,1871998678853758,1415,9757993148066085,187199867885375814159757993148066085,-16,16,4,16,decimal,4,1415
9,112020,112021,7169234331890022,1415,0311399876526068,716923433189002214150311399876526068,-16,16,4,16,decimal,4,1415
10,118384,118385,6797162011288619,1415,4019367129094789,679716201128861914154019367129094789,-16,16,4,16,decimal,4,1415
11,136284,136285,1045467028352365,1415,2765627008043630,104546702835236514152765627008043630,-16,16,4,16,decimal,4,1415
12,145936,145937,1551688147209601,1415,4056640038921028,155168814720960114154056640038921028,-16,16,4,16,decimal,4,1415
13,147574,147575,8692570895075041,1415,7819718945799485,869257089507504114157819718945799485,-16,16,4,16,decimal,4,1415
14,176451,176452,3730946043245733,1415,9787616555372263,373094604324573314159787616555372263,-16,16,4,16,decimal,4,1415
15,243356,243357,5163721426683212,1415,0923172057318911,516372142668321214150923172057318911,-16,16,4,16,decimal,4,1415
16,281053,281054,6049420141675675,1415,5226569328596939,604942014167567514155226569328596939,-16,16,4,16,decimal,4,1415
17,332920,332921,0335534734469787,1415,2244708770708456,033553473446978714152244708770708456,-16,16,4,16,decimal,4,1415
18,353119,353120,9546245822401357,1415,8490067330844573,954624582240135714158490067330844573,-16,16,4,16,decimal,4,1415
19,357593,357594,9634861554060909,1415,9497678087746191,963486155406090914159497678087746191,-16,16,4,16,decimal,4,1415
20,360263,360264,4299795866218897,1415,8804575375650785,429979586621889714158804575375650785,-16,16,4,16,decimal,4,1415
21,389547,389548,9557590391944317,1415,2652754080895298,955759039194431714152652754080895298,-16,16,4,16,decimal,4,1415
22,398844,398845,7494718952124618,1415,2399021533658511,749471895212461814152399021533658511,-16,16,4,16,decimal,4,1415
23,400032,400033,3490327810885463,1415,1737181432979288,349032781088546314151737181432979288,-16,16,4,16,decimal,4,1415
24,406589,406590,9604167285457399,1415,0804959446613534,960416728545739914150804959446613534,-16,16,4,16,decimal,4,1415
25,413788,413789,8164728629951618,1415,1182430486495587,816472862995161814151182430486495587,-16,16,4,16,decimal,4,1415
26,416507,416508,5258409257998434,1415,9079094047612707,525840925799843414159079094047612707,-16,16,4,16,decimal,4,1415
27,425163,425164,3484217623506439,1415,2982300554362570,348421762350643914152982300554362570,-16,16,4,16,decimal,4,1415
28,428545,428546,5864832627968571,1415,3350264721407950,586483262796857114153350264721407950,-16,16,4,16,decimal,4,1415
29,451904,451905,0431138118641849,1415,8697584986602245,043113811864184914158697584986602245,-16,16,4,16,decimal,4,1415
30,452963,452964,6413408084475286,1415,7971242508505925,641340808447528614157971242508505925,-16,16,4,16,decimal,4,1415
31,454097,454098,1159966344826207,1415,8723813542032404,115996634482620714158723813542032404,-16,16,4,16,decimal,4,1415
32,470367,470368,7688024658963981,1415,3371350684361001,768802465896398114153371350684361001,-16,16,4,16,decimal,4,1415
33,471448,471449,7459550647377739,1415,8066740766500977,745955064737773914158066740766500977,-16,16,4,16,decimal,4,1415
34,491303,491304,5558796777707120,1415,8540324292727965,555879677770712014158540324292727965,-16,16,4,16,decimal,4,1415
35,496408,496409,0796635700429294,1415,2107851793951248,079663570042929414152107851793951248,-16,16,4,16,decimal,4,1415
36,497533,497534,9350237964753015,1415,9372862118229525,935023796475301514159372862118229525,-16,16,4,16,decimal,4,1415
37,498070,498071,3230670262179701,1415,1068200226813999,323067026217970114151068200226813999,-16,16,4,16,decimal,4,1415
38,517353,517354,3623964969102740,1415,3840261860400252,362396496910274014153840261860400252,-16,16,4,16,decimal,4,1415
39,529381,529382,0735359279779135,1415,4572363668056135,073535927977913514154572363668056135,-16,16,4,16,decimal,4,1415
40,572892,572893,2064769802209837,1415,1087480827271214,206476980220983714151087480827271214,-16,16,4,16,decimal,4,1415
41,573752,573753,5785530275005860,1415,4190875372211315,578553027500586014154190875372211315,-16,16,4,16,decimal,4,1415
42,574194,574195,9660322552556599,1415,5544417369194496,966032255255659914155544417369194496,-16,16,4,16,decimal,4,1415
43,583464,583465,6651387414183990,1415,2408069427164153,665138741418399014152408069427164153,-16,16,4,16,decimal,4,1415
44,586751,586752,3630872543273215,1415,9891816287567811,363087254327321514159891816287567811,-16,16,4,16,decimal,4,1415
45,588994,588995,0094484862457290,1415,4559189488870773,009448486245729014154559189488870773,-16,16,4,16,decimal,4,1415
46,595617,595618,0790172218978761,1415,2675849137827671,079017221897876114152675849137827671,-16,16,4,16,decimal,4,1415
47,601644,601645,7146086368684207,1415,2951953996888639,714608636868420714152951953996888639,-16,16,4,16,decimal,4,1415
48,610222,610223,6932216989790648,1415,2245960579603637,693221698979064814152245960579603637,-16,16,4,16,decimal,4,1415
49,612924,612925,3595779644769922,1415,3786551124648537,359577964476992214153786551124648537,-16,16,4,16,decimal,4,1415
0,6954,6955,8827372319898757,14159,5781119635833005,8827372319898757141595781119635833005,-16,16,5,16,decimal,5,14159
1,45233,45234,7970818743209499,14159,5933963681106275,7970818743209499141595933963681106275,-16,16,5,16,decimal,5,14159
2,109568,109569,1871998678853758,14159,7579931480660855,1871998678853758141597579931480660855,-16,16,5,16,decimal,5,14159
3,176451,176452,3730946043245733,14159,7876165553722630,3730946043245733141597876165553722630,-16,16,5,16,decimal,5,14159
4,357593,357594,9634861554060909,14159,4976780877461912,9634861554060909141594976780877461912,-16,16,5,16,decimal,5,14159
5,416507,416508,5258409257998434,14159,0790940476127073,5258409257998434141590790940476127073,-16,16,5,16,decimal,5,14159
6,497533,497534,9350237964753015,14159,3728621182295259,9350237964753015141593728621182295259,-16,16,5,16,decimal,5,14159
7,586751,586752,3630872543273215,14159,8918162875678113,3630872543273215141598918162875678113,-16,16,5,16,decimal,5,14159
8,645683,645684,5829336240746480,14159,7946452143509285,5829336240746480141597946452143509285,-16,16,5,16,decimal,5,14159
9,660913,660914,9841076047829385,14159,8878724798422390,9841076047829385141598878724798422390,-16,16,5,16,decimal,5,14159
10,731405,731406,2034284651150002,14159,6938756059895846,2034284651150002141596938756059895846,-16,16,5,16,decimal,5,14159
11,754573,754574,4635102020444319,14159,0772364683025539,4635102020444319141590772364683025539,-16,16,5,16,decimal,5,14159
12,821581,821582,8097738366084557,14159,2231311250769943,8097738366084557141592231311250769943,-16,16,5,16,decimal,5,14159
13,889833,889834,4042064203886202,14159,3133433565060797,4042064203886202141593133433565060797,-16,16,5,16,decimal,5,14159
14,910770,910771,3399559638671394,14159,9506355503816227,3399559638671394141599506355503816227,-16,16,5,16,decimal,5,14159
0,821581,821582,8097738366084557,141592,2313112507699438,80977383660845571415922313112507699438,-16,16,6,16,decimal,6,141592
2,25,26,2222020201122030,02,0310301030121202,2222020201122030020310301030121202,-16,16,2,16,base4,2,02
3,41,42,0203103010301212,02,2023200031300130,0203103010301212022023200031300130,-16,16,2,16,base4,2,02
4,44,45,3103010301212022,02,3200031300130310,3103010301212022023200031300130310,-16,16,2,16,base4,2,02
5,63,64,2000313001303101,02,2100021032002020,2000313001303101022100021032002020,-16,16,2,16,base4,2,02
6,69,70,3001303101022100,02,1032002020221213,3001303101022100021032002020221213,-16,16,2,16,base4,2,02
7,76,77,1010221000210320,02,0202212133030131,1010221000210320020202212133030131,-16,16,2,16,base4,2,02
8,78,79,1022100021032002,02,0221213303013100,1022100021032002020221213303013100,-16,16,2,16,base4,2,02
9,80,81,2210002103200202,02,2121330301310000,2210002103200202022121330301310000,-16,16,2,16,base4,2,02
10,97,98,2212133030131000,02,0023233222120323,2212133030131000020023233222120323,-16,16,2,16,base4,2,02
11,100,101,2133030131000020,02,3233222120323010,2133030131000020023233222120323010,-16,16,2,16,base4,2,02
12,123,124,2212032301032123,02,0211011022002013,2212032301032123020211011022002013,-16,16,2,16,base4,2,02
13,125,126,1203230103212302,02,1101102200201321,1203230103212302021101102200201321,-16,16,2,16,base4,2,02
14,132,133,1032123020211011,02,2002013212032031,1032123020211011022002013212032031,-16,16,2,16,base4,2,02
15,136,137,1230202110110220,02,0132120320310001,1230202110110220020132120320310001,-16,16,2,16,base4,2,02
16,195,196,0322100301230300,02,2300221231330211,0322100301230300022300221231330211,-16,16,2,16,base4,2,02
17,200,201,0030123030002230,02,2123133021133011,0030123030002230022123133021133011,-16,16,2,16,base4,2,02
18,209,210,0002230022123133,02,1133011003131033,0002230022123133021133011003131033,-16,16,2,16,base4,2,02
19,249,250,1112311231110130,02,1011321020112311,1112311231110130021011321020112311,-16,16,2,16,base4,2,02
20,258,259,1110130021011321,02,0112311131212021,1110130021011321020112311131212021,-16,16,2,16,base4,2,02
21,273,274,1020112311131212,02,1132133230123310,1020112311131212021132133230123310,-16,16,2,16,base4,2,02
22,297,298,3230123310103010,02,3221221203133231,3230123310103010023221221203133231,-16,16,2,16,base4,2,02
23,320,321,2120313323112230,02,3333311302312331,2120313323112230023333311302312331,-16,16,2,16,base4,2,02
24,330,331,1122300233333113,02,3123310001223133,1122300233333113023123310001223133,-16,16,2,16,base4,2,02
25,372,373,3201223332311222,02,1213322112232213,3201223332311222021213322112232213,-16,16,2,16,base4,2,02
26,391,392,2133221122322133,02,1001011330102301,2133221122322133021001011330102301,-16,16,2,16,base4,2,02
27,404,405,1330210010113301,02,3013332121021022,1330210010113301023013332121021022,-16,16,2,16,base4,2,02
28,416,417,3301023013332121,02,1022012121101323,3301023013332121021022012121101323,-16,16,2,16,base4,2,02
29,419,420,1023013332121021,02,2012121101323032,1023013332121021022012121101323032,-16,16,2,16,base4,2,02
30,449,450,3032101123033130,02,0000133023202201,3032101123033130020000133023202201,-16,16,2,16,base4,2,02
31,458,459,3033130020000133,02,3202201120323330,3033130020000133023202201120323330,-16,16,2,16,base4,2,02
32,462,463,1300200001330232,02,2011203233300112,1300200001330232022011203233300112,-16,16,2,16,base4,2,02
33,488,489,3330011212031221,02,0031201301111310,3330011212031221020031201301111310,-16,16,2,16,base4,2,02
34,531,532,0112033322203331,02,1030331133200312,0112033322203331021030331133200312,-16,16,2,16,base4,2,02
35,555,556,1133200312111131,02,0331302203223121,1133200312111131020331302203223121,-16,16,2,16,base4,2,02
36,562,563,3121111310203313,02,2032231211201301,3121111310203313022032231211201301,-16,16,2,16,base4,2,02
37,581,582,0322312112013012,02,3303111202002011,0322312112013012023303111202002011,-16,16,2,16,base4,2,02
38,591,592,0130120233031112,02,0020111102232321,0130120233031112020020111102232321,-16,16,2,16,base4,2,02
39,594,595,0120233031112020,02,0111102232321323,0120233031112020020111102232321323,-16,16,2,16,base4,2,02
40,601,602,0311120200201111,02,2323213231110221,0311120200201111022323213231110221,-16,16,2,16,base4,2,02
41,615,616,1102232321323111,02,2100131300211221,1102232321323111022100131300211221,-16,16,2,16,base4,2,02
42,626,627,2311102210013130,02,1122112123112130,2311102210013130021122112123112130,-16,16,2,16,base4,2,02
43,656,657,2130030031110321,02,2233021200010330,2130030031110321022233021200010330,-16,16,2,16,base4,2,02
44,662,663,0031110321022233,02,1200010330113101,0031110321022233021200010330113101,-16,16,2,16,base4,2,02
45,684,685,0103301131012300,02,0302201200201133,0103301131012300020302201200201133,-16,16,2,16,base4,2,02
46,688,689,3011310123000203,02,2012002011330030,3011310123000203022012002011330030,-16,16,2,16,base4,2,02
47,695,696,1230002030220120,02,0113300302210011,1230002030220120020113300302210011,-16,16,2,16,base4,2,02
48,705,706,2201200201133003,02,2100113210120232,2201200201133003022100113210120232,-16,16,2,16,base4,2,02
49,719,720,0302210011321012,02,3203123032032332,0302210011321012023203123032032332,-16,16,2,16,base4,2,02
50,747,748,0323320321321313,02,3001200032201200,0323320321321313023001200032201200,-16,16,2,16,base4,2,02
51,771,772,0032201200032123,02,1320032202323000,0032201200032123021320032202323000,-16,16,2,16,base4,2,02
0,69,70,3001303101022100,021,0320020202212133,30013031010221000210320020202212133,-16,16,3,16,base4,3,021
1,125,126,1203230103212302,021,1011022002013212,12032301032123020211011022002013212,-16,16,3,16,base4,3,021
2,209,210,0002230022123133,021,1330110031310333,00022300221231330211330110031310333,-16,16,3,16,base4,3,021
3,249,250,1112311231110130,021,0113210201123111,11123112311101300210113210201123111,-16,16,3,16,base4,3,021
4,273,274,1020112311131212,021,1321332301233101,10201123111312120211321332301233101,-16,16,3,16,base4,3,021
5,372,373,3201223332311222,021,2133221122322133,32012233323112220212133221122322133,-16,16,3,16,base4,3,021
6,391,392,2133221122322133,021,0010113301023013,21332211223221330210010113301023013,-16,16,3,16,base4,3,021
7,416,417,3301023013332121,021,0220121211013230,33010230133321210210220121211013230,-16,16,3,16,base4,3,021
8,531,532,0112033322203331,021,0303311332003121,01120333222033310210303311332003121,-16,16,3,16,base4,3,021
9,626,627,2311102210013130,021,1221121231121300,23111022100131300211221121231121300,-16,16,3,16,base4,3,021
10,662,663,0031110321022233,021,2000103301131012,00311103210222330212000103301131012,-16,16,3,16,base4,3,021
11,771,772,0032201200032123,021,3200322023230001,00322012000321230213200322023230001,-16,16,3,16,base4,3,021
12,828,829,3001233103011023,021,3132022330233312,30012331030110230213132022330233312,-16,16,3,16,base4,3,021
13,872,873,1130120032121111,021,1330322221111222,11301200321211110211330322221111222,-16,16,3,16,base4,3,021
14,903,904,1222321101113102,021,2012021203322001,12223211011131020212012021203322001,-16,16,3,16,base4,3,021
15,910,911,1011131020212012,021,2033220011010001,10111310202120120212033220011010001,-16,16,3,16,base4,3,021
16,1140,1141,3112232203031230,021,0303311301322030,31122322030312300210303311301322030,-16,16,3,16,base4,3,021
17,1158,1159,1030331130132203,021,1032001022021112,10303311301322030211032001022021112,-16,16,3,16,base4,3,021
18,1171,1172,2030211032001022,021,1120121313032320,20302110320010220211120121313032320,-16,16,3,16,base4,3,021
19,1195,1196,2131303232033102,021,2012231023232122,21313032320331020212012231023232122,-16,16,3,16,base4,3,021
20,1257,1258,2012103120131200,021,3030332302012221,20121031201312000213030332302012221,-16,16,3,16,base4,3,021
21,1348,1349,2011131123013130,021,2020300023223121,20111311230131300212020300023223121,-16,16,3,16,base4,3,021
22,1381,1382,2110123202002032,021,0332200131032112,21101232020020320210332200131032112,-16,16,3,16,base4,3,021
23,1531,1532,0100233123221123,021,2212130030213012,01002331232211230212212130030213012,-16,16,3,16,base4,3,021
24,1543,1544,1123021221213003,021,3012012223310320,11230212212130030213012012223310320,-16,16,3,16,base4,3,021
25,1599,1600,2312011100233122,021,1200332213022022,23120111002331220211200332213022022,-16,16,3,16,base4,3,021
26,1746,1747,1230221121033220,021,0030032202020303,12302211210332200210030032202020303,-16,16,3,16,base4,3,021
27,1867,1868,0130310000122101,021,3311123001122222,01303100001221010213311123001122222,-16,16,3,16,base4,3,021
28,1934,1935,1201233332313313,021,0022123000203310,12012333323133130210022123000203310,-16,16,3,16,base4,3,021
29,1964,1965,0331031331003113,021,0310000220102102,03310313310031130210310000220102102,-16,16,3,16,base4,3,021
30,1978,1979,1302103100002201,021,0203123003332223,13021031000022010210203123003332223,-16,16,3,16,base4,3,021
31,2001,2002,1230033322231031,021,3301300021230013,12300333222310310213301300021230013,-16,16,3,16,base4,3,021
32,2011,2012,2310310213301300,021,2300131103130230,23103102133013000212300131103130230,-16,16,3,16,base4,3,021
33,2029,2030,1230013110313023,021,2000212101231323,12300131103130230212000212101231323,-16,16,3,16,base4,3,021
34,2035,2036,3110313023021200,021,2101231323021131,31103130230212000212101231323021131,-16,16,3,16,base4,3,021
35,2048,2049,2000212101231323,021,1311013213120331,20002121012313230211311013213120331,-16,16,3,16,base4,3,021
36,2163,2164,1222110332312100,021,3312003010113211,12221103323121000213312003010113211,-16,16,3,16,base4,3,021
37,2183,2184,3120030101132113,021,3230020121122202,31200301011321130213230020121122202,-16,16,3,16,base4,3,021
38,2200,2201,2132300201211222,021,0120312203323123,21323002012112220210120312203323123,-16,16,3,16,base4,3,021
39,2295,2296,0110101332123030,021,1102303030200110,01101013321230300211102303030200110,-16,16,3,16,base4,3,021
40,2333,2334,0102233113223310,021,2332320331000010,01022331132233100212332320331000010,-16,16,3,16,base4,3,021
41,2522,2523,0030121000023013,021,3211213213302113,00301210000230130213211213213302113,-16,16,3,16,base4,3,021
42,2536,2537,1302132112132133,021,1333233230133220,13021321121321330211333233230133220,-16,16,3,16,base4,3,021
43,2856,2857,1111130312211123,021,3230023233022112,11111303122111230213230023233022112,-16,16,3,16,base4,3,021
44,3017,3018,0111211310220321,021,2330102333232113,01112113102203210212330102333232113,-16,16,3,16,base4,3,021
45,3167,3168,2022333010133231,021,1131233122103122,20223330101332310211131233122103122,-16,16,3,16,base4,3,021
46,3191,3192,3312210312232210,021,0121203222223120,33122103122322100210121203222223120,-16,16,3,16,base4,3,021
47,3256,3257,3101310022333013,021,1320020320330112,31013100223330130211320020320330112,-16,16,3,16,base4,3,021
48,3541,3542,2303303311230322,021,3202212123102220,23033033112303220213202212123102220,-16,16,3,16,base4,3,021
49,3626,3627,2031210112113322,021,2122000211113130,20312101121133220212122000211113130,-16,16,3,16,base4,3,021
0,69,70,3001303101022100,0210,3200202022121330,300130310102210002103200202022121330,-16,16,4,16,base4,4,0210
1,249,250,1112311231110130,0210,1132102011231113,111231123111013002101132102011231113,-16,16,4,16,base4,4,0210
2,391,392,2133221122322133,0210,0101133010230133,213322112232213302100101133010230133,-16,16,4,16,base4,4,0210
3,416,417,3301023013332121,0210,2201212110132303,330102301333212102102201212110132303,-16,16,4,16,base4,4,0210
4,531,532,0112033322203331,0210,3033113320031211,011203332220333102103033113320031211,-16,16,4,16,base4,4,0210
5,1140,1141,3112232203031230,0210,3033113013220302,311223220303123002103033113013220302,-16,16,4,16,base4,4,0210
6,1381,1382,2110123202002032,0210,3322001310321122,211012320200203202103322001310321122,-16,16,4,16,base4,4,0210
7,1746,1747,1230221121033220,0210,0300322020203032,123022112103322002100300322020203032,-16,16,4,16,base4,4,0210
8,1934,1935,1201233332313313,0210,0221230002033103,120123333231331302100221230002033103,-16,16,4,16,base4,4,0210
9,1964,1965,0331031331003113,0210,3100002201021020,033103133100311302103100002201021020,-16,16,4,16,base4,4,0210
10,1978,1979,1302103100002201,0210,2031230033322231,130210310000220102102031230033322231,-16,16,4,16,base4,4,0210
11,2200,2201,2132300201211222,0210,1203122033231233,213230020121122202101203122033231233,-16,16,4,16,base4,4,0210
12,3191,3192,3312210312232210,0210,1212032222231203,331221031223221002101212032222231203,-16,16,4,16,base4,4,0210
13,3805,3806,1032232013213321,0210,0000211003202310,103223201321332102100000211003202310,-16,16,4,16,base4,4,0210
14,3872,3873,1113232032002233,0210,1210031221233300,111323203200223302101210031221233300,-16,16,4,16,base4,4,0210
15,4425,4426,2211010312313110,0210,2323010012102120,221101031231311002102323010012102120,-16,16,4,16,base4,4,0210
16,4861,4862,3330332232232333,0210,3302113012001101,333033223223233302103302113012001101,-16,16,4,16,base4,4,0210
17,5141,5142,0031322112031300,0210,2012331310121010,003132211203130002102012331310121010,-16,16,4,16,base4,4,0210
18,5190,5191,2102333312211003,0210,1313030202331110,210233331221100302101313030202331110,-16,16,4,16,base4,4,0210
19,5488,5489,0230232001022100,0210,2113133013211112,023023200102210002102113133013211112,-16,16,4,16,base4,4,0210
20,5628,5629,0133023212231301,0210,1100012231313212,013302321223130102101100012231313212,-16,16,4,16,base4,4,0210
21,5840,5841,3131100303230313,0210,3002232201120102,313110030323031302103002232201120102,-16,16,4,16,base4,4,0210
22,6036,6037,0101012003231121,0210,2211002133022033,010101200323112102102211002133022033,-16,16,4,16,base4,4,0210
23,6827,6828,3303323111303113,0210,0103013002202032,330332311130311302100103013002202032,-16,16,4,16,base4,4,0210
24,7318,7319,0330033333012230,0210,1221123031230300,033003333301223002101221123031230300,-16,16,4,16,base4,4,0210
25,7784,7785,2312220313330111,0210,3003122130231310,231222031333011102103003122130231310,-16,16,4,16,base4,4,0210
26,7803,7804,0300312213023131,0210,2101320102022002,030031221302313102102101320102022002,-16,16,4,16,base4,4,0210
27,7806,7807,0312213023131021,0210,1320102022002311,031221302313102102101320102022002311,-16,16,4,16,base4,4,0210
28,7979,7980,0120103031302330,0210,2203121031332100,012010303130233002102203121031332100,-16,16,4,16,base4,4,0210
29,8616,8617,0000122031100020,0210,1301030302003310,000012203110002002101301030302003310,-16,16,4,16,base4,4,0210
30,8692,8693,0321331202322113,0210,1011101201100201,032133120232211302101011101201100201,-16,16,4,16,base4,4,0210
31,9238,9239,2131132223032301,0210,3220230131302133,213113222303230102103220230131302133,-16,16,4,16,base4,4,0210
32,9615,9616,1113233101332013,0210,0022103011330333,111323310133201302100022103011330333,-16,16,4,16,base4,4,0210
33,9726,9727,2032103012123102,0210,2030010103033330,203210301212310202102030010103033330,-16,16,4,16,base4,4,0210
34,10052,10053,0332210232010323,0210,0023120232322332,033221023201032302100023120232322332,-16,16,4,16,base4,4,0210
35,10563,10564,2312313312130220,0210,1303300233121011,231231331213022002101303300233121011,-16,16,4,16,base4,4,0210
36,10620,10621,2020110111232231,0210,1323211013212333,202011011123223102101323211013212333,-16,16,4,16,base4,4,0210
37,10790,10791,3233010130122201,0210,0203132313210211,323301013012220102100203132313210211,-16,16,4,16,base4,4,0210
38,11260,11261,2332233132202232,0210,1111101210022121,233223313220223202101111101210022121,-16,16,4,16,base4,4,0210
39,11486,11487,2121011133211132,0210,1212321121203202,212101113321113202101212321121203202,-16,16,4,16,base4,4,0210
40,11537,11538,0303111111121013,0210,0023132103023210,030311111112101302100023132103023210,-16,16,4,16,base4,4,0210
41,11594,11595,1131000101222012,0210,2013111310222121,113100010122201202102013111310222121,-16,16,4,16,base4,4,0210
42,11670,11671,3100212201301003,0210,1203033220112201,310021220130100302101203033220112201,-16,16,4,16,base4,4,0210
43,12243,12244,1130200220331133,0210,2133002102012320,113020022033113302102133002102012320,-16,16,4,16,base4,4,0210
44,12252,12253,0331133021021330,0210,2012320313021133,033113302102133002102012320313021133,-16,16,4,16,base4,4,0210
45,12274,12275,1232031302113313,0210,3121312321012230,123203130211331302103121312321012230,-16,16,4,16,base4,4,0210
46,12527,12528,3311321220302031,0210,2120320020102121,331132122030203102102120320020102121,-16,16,4,16,base4,4,0210
47,13108,13109,2021300223201003,0210,0232331222110132,202130022320100302100232331222110132,-16,16,4,16,base4,4,0210
48,13875,13876,3322321320111033,0210,0111322022113021,332232132011103302100111322022113021,-16,16,4,16,base4,4,0210
49,14332,14333,0100313112312302,0210,1221201102313331,010031311231230202101221201102313331,-16,16,4,16,base4,4,0210
0,391,392,2133221122322133,02100,1011330102301333,2133221122322133021001011330102301333,-16,16,5,16,base4,5,02100
1,1746,1747,1230221121033220,02100,3003220202030323,1230221121033220021003003220202030323,-16,16,5,16,base4,5,02100
2,1934,1935,1201233332313313,02100,2212300020331031,1201233332313313021002212300020331031,-16,16,5,16,base4,5,02100
3,3805,3806,1032232013213321,02100,0002110032023102,1032232013213321021000002110032023102,-16,16,5,16,base4,5,02100
4,6827,6828,3303323111303113,02100,1030130022020321,3303323111303113021001030130022020321,-16,16,5,16,base4,5,02100
5,9615,9616,1113233101332013,02100,0221030113303331,1113233101332013021000221030113303331,-16,16,5,16,base4,5,02100
6,10052,10053,0332210232010323,02100,0231202323223322,0332210232010323021000231202323223322,-16,16,5,16,base4,5,02100
7,10790,10791,3233010130122201,02100,2031323132102110,3233010130122201021002031323132102110,-16,16,5,16,base4,5,02100
8,11537,11538,0303111111121013,02100,0231321030232100,0303111111121013021000231321030232100,-16,16,5,16,base4,5,02100
9,13108,13109,2021300223201003,02100,2323312221101320,2021300223201003021002323312221101320,-16,16,5,16,base4,5,02100
10,13875,13876,3322321320111033,02100,1113220221130213,3322321320111033021001113220221130213,-16,16,5,16,base4,5,02100
11,14353,14354,2212011023133310,02100,1302011212230321,2212011023133310021001302011212230321,-16,16,5,16,base4,5,02100
12,16071,16072,1102131001030110,02100,0123130130121112,1102131001030110021000123130130121112,-16,16,5,16,base4,5,02100
13,18333,18334,2302220003130110,02100,0321033232330213,2302220003130110021000321033232330213,-16,16,5,16,base4,5,02100
14,20372,20373,2212022220223111,02100,2221223220103031,2212022220223111021002221223220103031,-16,16,5,16,base4,5,02100
15,20612,20613,0301100013121320,02100,0031122032311133,0301100013121320021000031122032311133,-16,16,5,16,base4,5,02100
16,20671,20672,1322100313012000,02100,3001113222120210,1322100313012000021003001113222120210,-16,16,5,16,base4,5,02100
17,22167,22168,3321113110030211,02100,3330322023130023,3321113110030211021003330322023130023,-16,16,5,16,base4,5,02100
18,22229,22230,3213112320220123,02100,3121320321032111,3213112320220123021003121320321032111,-16,16,5,16,base4,5,02100
19,23482,23483,0330313032131000,02100,1332300000312020,0330313032131000021001332300000312020,-16,16,5,16,base4,5,02100
20,24484,24485,2221113013001321,02100,3202123310100101,2221113013001321021003202123310100101,-16,16,5,16,base4,5,02100
21,25857,25858,3221312331330211,02100,2330300001000021,3221312331330211021002330300001000021,-16,16,5,16,base4,5,02100
22,25875,25876,1002330300001000,02100,3231223012100333,1002330300001000021003231223012100333,-16,16,5,16,base4,5,02100
23,25915,25916,3122222030322111,02100,2203311133202310,3122222030322111021002203311133202310,-16,16,5,16,base4,5,02100
24,27827,27828,1213310111101022,02100,0200201032033001,1213310111101022021000200201032033001,-16,16,5,16,base4,5,02100
25,29047,29048,2002203211032203,02100,1020012202022100,2002203211032203021001020012202022100,-16,16,5,16,base4,5,02100
26,29484,29485,0130302230111121,02100,2022103113223312,0130302230111121021002022103113223312,-16,16,5,16,base4,5,02100
27,30635,30636,2123102013222130,02100,0231321102321013,2123102013222130021000231321102321013,-16,16,5,16,base4,5,02100
28,32631,32632,0213320030131230,02100,2203333231210012,0213320030131230021002203333231210012,-16,16,5,16,base4,5,02100
29,32798,32799,1133300333101003,02100,0323300132130103,1133300333101003021000323300132130103,-16,16,5,16,base4,5,02100
30,33486,33487,0021033112033111,02100,0112102212033131,0021033112033111021000112102212033131,-16,16,5,16,base4,5,02100
31,33960,33961,1213133101023002,02100,2022102312003022,1213133101023002021002022102312003022,-16,16,5,16,base4,5,02100
32,35097,35098,0023312302303200,02100,3233330213332211,0023312302303200021003233330213332211,-16,16,5,16,base4,5,02100
33,35868,35869,0333332002032223,02100,1311311033203120,0333332002032223021001311311033203120,-16,16,5,16,base4,5,02100
34,36025,36026,0310331110032133,02100,0210111102021232,0310331110032133021000210111102021232,-16,16,5,16,base4,5,02100
35,36922,36923,3302202332000002,02100,3211132030302122,3302202332000002021003211132030302122,-16,16,5,16,base4,5,02100
36,38698,38699,1203203103321123,02100,2012222011031331,1203203103321123021002012222011031331,-16,16,5,16,base4,5,02100
37,39442,39443,1212202332221232,02100,0311300300323111,1212202332221232021000311300300323111,-16,16,5,16,base4,5,02100
38,41048,41049,3133203110130010,02100,3311022113001331,3133203110130010021003311022113001331,-16,16,5,16,base4,5,02100
39,41291,41292,3023133031322120,02100,0002103133212222,3023133031322120021000002103133212222,-16,16,5,16,base4,5,02100
40,41464,41465,0030000102121120,02100,2330111032020222,0030000102121120021002330111032020222,-16,16,5,16,base4,5,02100
41,42386,42387,0021012130331133,02100,0021212002013002,0021012130331133021000021212002013002,-16,16,5,16,base4,5,02100
42,45541,45542,2232101210101302,02100,2120003233220310,2232101210101302021002120003233220310,-16,16,5,16,base4,5,02100
43,46940,46941,2111133031200220,02100,0122222103303333,2111133031200220021000122222103303333,-16,16,5,16,base4,5,02100
44,47241,47242,3231121322103020,02100,3201112110230101,3231121322103020021003201112110230101,-16,16,5,16,base4,5,02100
45,47646,47647,2032202211322322,02100,2120330321313331,2032202211322322021002120330321313331,-16,16,5,16,base4,5,02100
46,48559,48560,0003123032013113,02100,2021301101023120,0003123032013113021002021301101023120,-16,16,5,16,base4,5,02100
47,50991,50992,2320132310121331,02100,1220303123131021,2320132310121331021001220303123131021,-16,16,5,16,base4,5,02100
48,51110,51111,0011001333312303,02100,2113000312113320,0011001333312303021002113000312113320,-16,16,5,16,base4,5,02100
49,52758,52759,1303312300113211,02100,0211203133333213,1303312300113211021000211203133333213,-16,16,5,16,base4,5,02100
0,1746,1747,1230221121033220,021003,0032202020303232,12302211210332200210030032202020303232,-16,16,6,16,base4,6,021003
1,20671,20672,1322100313012000,021003,0011132221202101,13221003130120000210030011132221202101,-16,16,6,16,base4,6,021003
2,22167,22168,3321113110030211,021003,3303220231300232,33211131100302110210033303220231300232,-16,16,6,16,base4,6,021003
3,22229,22230,3213112320220123,021003,1213203210321111,32131123202201230210031213203210321111,-16,16,6,16,base4,6,021003
4,24484,24485,2221113013001321,021003,2021233101001013,22211130130013210210032021233101001013,-16,16,6,16,base4,6,021003
5,25875,25876,1002330300001000,021003,2312230121003333,10023303000010000210032312230121003333,-16,16,6,16,base4,6,021003
6,35097,35098,0023312302303200,021003,2333302133322113,00233123023032000210032333302133322113,-16,16,6,16,base4,6,021003
7,36922,36923,3302202332000002,021003,2111320303021222,33022023320000020210032111320303021222,-16,16,6,16,base4,6,021003
8,41048,41049,3133203110130010,021003,3110221130013311,31332031101300100210033110221130013311,-16,16,6,16,base4,6,021003
9,47241,47242,3231121322103020,021003,2011121102301013,32311213221030200210032011121102301013,-16,16,6,16,base4,6,021003
10,54814,54815,3332220110110133,021003,2313032003310011,33322201101101330210032313032003310011,-16,16,6,16,base4,6,021003
11,61950,61951,1331120312023310,021003,2111322031210120,13311203120233100210032111322031210120,-16,16,6,16,base4,6,021003
12,79968,79969,3020300331311020,021003,3030111122131321,30203003313110200210033030111122131321,-16,16,6,16,base4,6,021003
13,82440,82441,1130301012123103,021003,0201031213301231,11303010121231030210030201031213301231,-16,16,6,16,base4,6,021003
14,84189,84190,2133322231232311,021003,2002320021220232,21333222312323110210032002320021220232,-16,16,6,16,base4,6,021003
15,88624,88625,3201230323300122,021003,1203232022132310,32012303233001220210031203232022132310,-16,16,6,16,base4,6,021003
16,95644,95645,3330121010130211,021003,0320121133130311,33301210101302110210030320121133130311,-16,16,6,16,base4,6,021003
17,96748,96749,0330303231103200,021003,1331131301202012,03303032311032000210031331131301202012,-16,16,6,16,base4,6,021003
18,98711,98712,0031103223223021,021003,2332332213231333,00311032232230210210032332332213231333,-16,16,6,16,base4,6,021003
19,98883,98884,0223111302231023,021003,0201223213221112,02231113022310230210030201223213221112,-16,16,6,16,base4,6,021003
20,100752,100753,0123102312223123,021003,3231332011323223,01231023122231230210033231332011323223,-16,16,6,16,base4,6,021003
21,105218,105219,1103210222310100,021003,0230321211312202,11032102223101000210030230321211312202,-16,16,6,16,base4,6,021003
22,107654,107655,0023010111031032,021003,0011133312213000,00230101110310320210030011133312213000,-16,16,6,16,base4,6,021003
23,109365,109366,3221200220311210,021003,0312332111121103,32212002203112100210030312332111121103,-16,16,6,16,base4,6,021003
24,116606,116607,1223333131233122,021003,1320003022013231,12233331312331220210031320003022013231,-16,16,6,16,base4,6,021003
25,129589,129590,3233103212033120,021003,1131010100300331,32331032120331200210031131010100300331,-16,16,6,16,base4,6,021003
26,134580,134581,2301031321021231,021003,1112233022222032,23010313210212310210031112233022222032,-16,16,6,16,base4,6,021003
27,140756,140757,0322302301000102,021003,1312310231113000,03223023010001020210031312310231113000,-16,16,6,16,base4,6,021003
28,144221,144222,3322231201101232,021003,1330002132311120,33222312011012320210031330002132311120,-16,16,6,16,base4,6,021003
29,150242,150243,2220010333230211,021003,1211022310223231,22200103332302110210031211022310223231,-16,16,6,16,base4,6,021003
30,151639,151640,1312112212330322,021003,3120222220332301,13121122123303220210033120222220332301,-16,16,6,16,base4,6,021003
31,158050,158051,0111220320021322,021003,1001133300122023,01112203200213220210031001133300122023,-16,16,6,16,base4,6,021003
32,159816,159817,3332200000302223,021003,0032030013211002,33322000003022230210030032030013211002,-16,16,6,16,base4,6,021003
33,160295,160296,1003031301323310,021003,1032103231330212,10030313013233100210031032103231330212,-16,16,6,16,base4,6,021003
34,165462,165463,1323130311131022,021003,2110131232003111,13231303111310220210032110131232003111,-16,16,6,16,base4,6,021003
35,174738,174739,0120130001311223,021003,2131320312023332,01201300013112230210032131320312023332,-16,16,6,16,base4,6,021003
36,174992,174993,2011231002010133,021003,0012320110201110,20112310020101330210030012320110201110,-16,16,6,16,base4,6,021003
37,175902,175903,2211130022223212,021003,2301122302230102,22111300222232120210032301122302230102,-16,16,6,16,base4,6,021003
38,177061,177062,3233210223131210,021003,0011130310301302,32332102231312100210030011130310301302,-16,16,6,16,base4,6,021003
39,179242,179243,3312101100231132,021003,3032113003330203,33121011002311320210033032113003330203,-16,16,6,16,base4,6,021003
40,188610,188611,1210111213233131,021003,3332330212111322,12101112132331310210033332330212111322,-16,16,6,16,base4,6,021003
41,206690,206691,1020300132010123,021003,1131313000302002,10203001320101230210031131313000302002,-16,16,6,16,base4,6,021003
42,208970,208971,1332321030312011,021003,3011331212322033,13323210303120110210033011331212322033,-16,16,6,16,base4,6,021003
43,213734,213735,0020213123120311,021003,1320022231032120,00202131231203110210031320022231032120,-16,16,6,16,base4,6,021003
44,214172,214173,1212033121123000,021003,2303021301100232,12120331211230000210032303021301100232,-16,16,6,16,base4,6,021003
45,214840,214841,3332221022232032,021003,2012213120120012,33322210222320320210032012213120120012,-16,16,6,16,base4,6,021003
46,220473,220474,1221103031221100,021003,2321222132302301,12211030312211000210032321222132302301,-16,16,6,16,base4,6,021003
47,223202,223203,1022013121202231,021003,2200302213320110,10220131212022310210032200302213320110,-16,16,6,16,base4,6,021003
48,226041,226042,0302103103223231,021003,3332032201320302,03021031032232310210033332032201320302,-16,16,6,16,base4,6,021003
49,228198,228199,2310032201303233,021003,1320323131231301,23100322013032330210031320323131231301,-16,16,6,16,base4,6,021003
0,22167,22168,3321113110030211,0210033,3032202313002323,332111311003021102100333032202313002323,-16,16,7,16,base4,7,0210033
1,41048,41049,3133203110130010,0210033,1102211300133111,313320311013001002100331102211300133111,-16,16,7,16,base4,7,0210033
2,79968,79969,3020300331311020,0210033,0301111221313210,302030033131102002100330301111221313210,-16,16,7,16,base4,7,0210033
3,100752,100753,0123102312223123,0210033,2313320113232231,012310231222312302100332313320113232231,-16,16,7,16,base4,7,0210033
4,151639,151640,1312112212330322,0210033,1202222203323011,131211221233032202100331202222203323011,-16,16,7,16,base4,7,0210033
5,179242,179243,3312101100231132,0210033,0321130033302033,331210110023113202100330321130033302033,-16,16,7,16,base4,7,0210033
6,188610,188611,1210111213233131,0210033,3323302121113221,121011121323313102100333323302121113221,-16,16,7,16,base4,7,0210033
7,208970,208971,1332321030312011,0210033,0113312123220330,133232103031201102100330113312123220330,-16,16,7,16,base4,7,0210033
8,226041,226042,0302103103223231,0210033,3320322013203023,030210310322323102100333320322013203023,-16,16,7,16,base4,7,0210033
9,259051,259052,1210332210011113,0210033,3202200121301103,121033221001111302100333202200121301103,-16,16,7,16,base4,7,0210033
10,265463,265464,0211303300120213,0210033,2231012032103332,021130330012021302100332231012032103332,-16,16,7,16,base4,7,0210033
11,272014,272015,1313031022031023,0210033,3300013001331310,131303102203102302100333300013001331310,-16,16,7,16,base4,7,0210033
12,279933,279934,2313330233331331,0210033,0021331213133223,231333023333133102100330021331213133223,-16,16,7,16,base4,7,0210033
13,287862,287863,2110223322133202,0210033,2310332232033301,211022332213320202100332310332232033301,-16,16,7,16,base4,7,0210033
14,292965,292966,1001211102100210,0210033,1021313013101111,100121110210021002100331021313013101111,-16,16,7,16,base4,7,0210033
15,297063,297064,2212220003210032,0210033,3121331233023031,221222000321003202100333121331233023031,-16,16,7,16,base4,7,0210033
16,319619,319620,2110032103023013,0210033,0213113230303131,211003210302301302100330213113230303131,-16,16,7,16,base4,7,0210033
17,340269,340270,3201113222323310,0210033,0333312100213210,320111322232331002100330333312100213210,-16,16,7,16,base4,7,0210033
18,407167,407168,3022322322120232,0210033,3200103312333012,302232232212023202100333200103312333012,-16,16,7,16,base4,7,0210033
19,423500,423501,2332221121220220,0210033,2023023203100232,233222112122022002100332023023203100232,-16,16,7,16,base4,7,0210033
20,445004,445005,2031200332210223,0210033,2211020012033223,203120033221022302100332211020012033223,-16,16,7,16,base4,7,0210033
21,462283,462284,2002023201122230,0210033,0321213013213020,200202320112223002100330321213013213020,-16,16,7,16,base4,7,0210033
22,487502,487503,2120303210232023,0210033,1212100131333002,212030321023202302100331212100131333002,-16,16,7,16,base4,7,0210033
23,517433,517434,2223332223101221,0210033,0120022301133233,222333222310122102100330120022301133233,-16,16,7,16,base4,7,0210033
24,527548,527549,0230101021103113,0210033,0001223013123301,023010102110311302100330001223013123301,-16,16,7,16,base4,7,0210033
25,530858,530859,0300312200231223,0210033,3220211111022321,030031220023122302100333220211111022321,-16,16,7,16,base4,7,0210033
26,533163,533164,3233020233133310,0210033,2220023002110032,323302023313331002100332220023002110032,-16,16,7,16,base4,7,0210033
27,549768,549769,1311233332122111,0210033,3001011323113121,131123333212211102100333001011323113121,-16,16,7,16,base4,7,0210033
28,575188,575189,1002211131331301,0210033,1133131100111320,100221113133130102100331133131100111320,-16,16,7,16,base4,7,0210033
29,618554,618555,1231111020033323,0210033,2321320113113300,123111102003332302100332321320113113300,-16,16,7,16,base4,7,0210033
30,647341,647342,1000102332231213,0210033,3330030032330003,100010233223121302100333330030032330003,-16,16,7,16,base4,7,0210033
31,680902,680903,3110001011111233,0210033,3332000330121212,311000101111123302100333332000330121212,-16,16,7,16,base4,7,0210033
32,720381,720382,3321102223111120,0210033,3201002200013211,332110222311112002100333201002200013211,-16,16,7,16,base4,7,0210033
33,728765,728766,1323320313112022,0210033,1132232110301112,132332031311202202100331132232110301112,-16,16,7,16,base4,7,0210033
34,774178,774179,3032110211220122,0210033,3210032320320112,303211021122012202100333210032320320112,-16,16,7,16,base4,7,0210033
35,781404,781405,0111112303133123,0210033,3011110131203233,011111230313312302100333011110131203233,-16,16,7,16,base4,7,0210033
36,785374,785375,3201231330132203,0210033,2310312203101331,320123133013220302100332310312203101331,-16,16,7,16,base4,7,0210033
37,788195,788196,1103311232112221,0210033,2202122232313322,110331123211222102100332202122232313322,-16,16,7,16,base4,7,0210033
38,789507,789508,0323210033102302,0210033,2310012213032332,032321003310230202100332310012213032332,-16,16,7,16,base4,7,0210033
39,793795,793796,3303030201121101,0210033,1130010211130202,330303020112110102100331130010211130202,-16,16,7,16,base4,7,0210033
40,814080,814081,2103310031311011,0210033,0310330301121023,210331003131101102100330310330301121023,-16,16,7,16,base4,7,0210033
41,822428,822429,0322310210320012,0210033,0312012232322313,032231021032001202100330312012232322313,-16,16,7,16,base4,7,0210033
42,831154,831155,2311202332003010,0210033,0102223230111221,231120233200301002100330102223230111221,-16,16,7,16,base4,7,0210033
43,885723,885724,2213021120222232,0210033,2313332211121232,221302112022223202100332313332211121232,-16,16,7,16,base4,7,0210033
44,930292,930293,1312311003222101,0210033,2332201201112232,131231100322210102100332332201201112232,-16,16,7,16,base4,7,0210033
45,942607,942608,2301032131330233,0210033,2023213323300100,230103213133023302100332023213323300100,-16,16,7,16,base4,7,0210033
46,944564,944565,0020330113233203,0210033,1110210303120332,002033011323320302100331110210303120332,-16,16,7,16,base4,7,0210033
47,944883,944884,1330201032312023,0210033,0130310201023333,133020103231202302100330130310201023333,-16,16,7,16,base4,7,0210033
48,956992,956993,1310011302223213,0210033,3311323210330131,131001130222321302100333311323210330131,-16,16,7,16,base4,7,0210033
49,965920,965921,3210312013302312,0210033,3033011213001131,321031201330231202100333033011213001131,-16,16,7,16,base4,7,0210033
0,22167,22168,3321113110030211,02100333,0322023130023231,3321113110030211021003330322023130023231,-16,16,8,16,base4,8,02100333
1,188610,188611,1210111213233131,02100333,3233021211132212,1210111213233131021003333233021211132212,-16,16,8,16,base4,8,02100333
2,226041,226042,0302103103223231,02100333,3203220132030231,0302103103223231021003333203220132030231,-16,16,8,16,base4,8,02100333
3,259051,259052,1210332210011113,02100333,2022001213011030,1210332210011113021003332022001213011030,-16,16,8,16,base4,8,02100333
4,272014,272015,1313031022031023,02100333,3000130013313101,1313031022031023021003333000130013313101,-16,16,8,16,base4,8,02100333
5,297063,297064,2212220003210032,02100333,1213312330230313,2212220003210032021003331213312330230313,-16,16,8,16,base4,8,02100333
6,407167,407168,3022322322120232,02100333,2001033123330122,3022322322120232021003332001033123330122,-16,16,8,16,base4,8,02100333
7,530858,530859,0300312200231223,02100333,2202111110223213,0300312200231223021003332202111110223213,-16,16,8,16,base4,8,02100333
8,549768,549769,1311233332122111,02100333,0010113231131210,1311233332122111021003330010113231131210,-16,16,8,16,base4,8,02100333
9,647341,647342,1000102332231213,02100333,3300300323300032,1000102332231213021003333300300323300032,-16,16,8,16,base4,8,02100333
10,680902,680903,3110001011111233,02100333,3320003301212123,3110001011111233021003333320003301212123,-16,16,8,16,base4,8,02100333
11,720381,720382,3321102223111120,02100333,2010022000132111,3321102223111120021003332010022000132111,-16,16,8,16,base4,8,02100333
12,774178,774179,3032110211220122,02100333,2100323203201122,3032110211220122021003332100323203201122,-16,16,8,16,base4,8,02100333
13,781404,781405,0111112303133123,02100333,0111101312032333,0111112303133123021003330111101312032333,-16,16,8,16,base4,8,02100333
14,956992,956993,1310011302223213,02100333,3113232103301313,1310011302223213021003333113232103301313,-16,16,8,16,base4,8,02100333
15,965920,965921,3210312013302312,02100333,0330112130011311,3210312013302312021003330330112130011311,-16,16,8,16,base4,8,02100333
0,297063,297064,2212220003210032,021003331,2133123302303132,22122200032100320210033312133123302303132,-16,16,9,16,base4,9,021003331
0,297063,297064,2212220003210032,0210033312,1331233023031322,221222000321003202100333121331233023031322,-16,16,10,16,base4,10,0210033312
