H_boundary,start_M,known_n,hidden_k,Q_cert,offset,D_total_decimal_depth,L_min,L_cert,decimal_digits_used_for_cert,known_prefix_tail_preview,true_hidden,recovered_hidden,success,ambiguous,candidate_count,surviving_digits_if_k1,A_min_minus_prefix_low,A_max_minus_prefix_low,candidate_low_minus_prefix_low,candidate_high_minus_prefix_low,q_cell_decimal_digits
10000,9980,20,1,4,0,21,35,35,112,05600101655256375678,5,,False,True,2,45,4,5,4,5,20
10000,9980,20,1,4,1,21,35,36,112,05600101655256375678,5,5,True,False,1,5,5,5,5,5,21
10000,9980,20,1,4,2,21,35,37,113,05600101655256375678,5,5,True,False,1,5,5,5,5,5,22
10000,9980,20,1,4,4,21,35,39,114,05600101655256375678,5,5,True,False,1,5,5,5,5,5,23
10000,9980,20,1,16,0,21,18,18,112,05600101655256375678,5,5,True,False,1,5,5,5,5,5,21
10000,9980,20,1,16,1,21,18,19,113,05600101655256375678,5,5,True,False,1,5,5,5,5,5,22
10000,9980,20,1,16,2,21,18,20,115,05600101655256375678,5,5,True,False,1,5,5,5,5,5,23
10000,9980,20,1,16,4,21,18,22,117,05600101655256375678,5,5,True,False,1,5,5,5,5,5,26
50000,49980,20,1,4,0,21,35,35,112,10522900246574236041,3,,False,True,2,23,2,3,2,3,21
50000,49980,20,1,4,1,21,35,36,112,10522900246574236041,3,,False,True,2,23,2,3,2,3,21
50000,49980,20,1,4,2,21,35,37,113,10522900246574236041,3,,False,True,2,23,2,3,2,3,22
50000,49980,20,1,4,4,21,35,39,114,10522900246574236041,3,3,True,False,1,3,3,3,3,3,23
50000,49980,20,1,16,0,21,18,18,112,10522900246574236041,3,,False,True,2,23,2,3,2,3,21
50000,49980,20,1,16,1,21,18,19,113,10522900246574236041,3,,False,True,2,23,2,3,2,3,22
50000,49980,20,1,16,2,21,18,20,115,10522900246574236041,3,3,True,False,1,3,3,3,3,3,24
50000,49980,20,1,16,4,21,18,22,117,10522900246574236041,3,3,True,False,1,3,3,3,3,3,26
100000,99980,20,1,4,0,21,35,35,112,67420805655493624646,4,,False,True,2,34,3,4,3,4,21
100000,99980,20,1,4,1,21,35,36,112,67420805655493624646,4,4,True,False,1,4,4,4,4,4,22
100000,99980,20,1,4,2,21,35,37,113,67420805655493624646,4,4,True,False,1,4,4,4,4,4,23
100000,99980,20,1,4,4,21,35,39,114,67420805655493624646,4,4,True,False,1,4,4,4,4,4,24
100000,99980,20,1,16,0,21,18,18,112,67420805655493624646,4,4,True,False,1,4,4,4,4,4,22
100000,99980,20,1,16,1,21,18,19,113,67420805655493624646,4,4,True,False,1,4,4,4,4,4,23
100000,99980,20,1,16,2,21,18,20,115,67420805655493624646,4,4,True,False,1,4,4,4,4,4,24
100000,99980,20,1,16,4,21,18,22,117,67420805655493624646,4,4,True,False,1,4,4,4,4,4,27
500000,499980,20,1,4,0,21,35,35,112,40424876025138195242,6,,False,True,2,67,6,7,6,7,21
500000,499980,20,1,4,1,21,35,36,112,40424876025138195242,6,,False,True,2,67,6,7,6,7,22
500000,499980,20,1,4,2,21,35,37,113,40424876025138195242,6,,False,True,2,67,6,7,6,7,22
500000,499980,20,1,4,4,21,35,39,114,40424876025138195242,6,6,True,False,1,6,6,6,6,6,24
500000,499980,20,1,16,0,21,18,18,112,40424876025138195242,6,,False,True,2,67,6,7,6,7,22
500000,499980,20,1,16,1,21,18,19,113,40424876025138195242,6,6,True,False,1,6,6,6,6,6,23
500000,499980,20,1,16,2,21,18,20,115,40424876025138195242,6,6,True,False,1,6,6,6,6,6,24
500000,499980,20,1,16,4,21,18,22,117,40424876025138195242,6,6,True,False,1,6,6,6,6,6,27
1000000,999980,20,1,4,0,21,35,35,112,22090106105779458151,3,,False,True,2,23,2,3,2,3,21
1000000,999980,20,1,4,1,21,35,36,112,22090106105779458151,3,,False,True,2,23,2,3,2,3,22
1000000,999980,20,1,4,2,21,35,37,113,22090106105779458151,3,3,True,False,1,3,3,3,3,3,22
1000000,999980,20,1,4,4,21,35,39,114,22090106105779458151,3,3,True,False,1,3,3,3,3,3,23
1000000,999980,20,1,16,0,21,18,18,112,22090106105779458151,3,,False,True,2,23,2,3,2,3,22
1000000,999980,20,1,16,1,21,18,19,113,22090106105779458151,3,3,True,False,1,3,3,3,3,3,23
1000000,999980,20,1,16,2,21,18,20,115,22090106105779458151,3,3,True,False,1,3,3,3,3,3,24
1000000,999980,20,1,16,4,21,18,22,117,22090106105779458151,3,3,True,False,1,3,3,3,3,3,26
1500000,1499980,20,1,4,0,21,35,35,112,19607737991914462295,2,2,True,False,1,2,2,2,2,2,21
1500000,1499980,20,1,4,1,21,35,36,112,19607737991914462295,2,2,True,False,1,2,2,2,2,2,21
1500000,1499980,20,1,4,2,21,35,37,113,19607737991914462295,2,2,True,False,1,2,2,2,2,2,22
1500000,1499980,20,1,4,4,21,35,39,114,19607737991914462295,2,2,True,False,1,2,2,2,2,2,23
1500000,1499980,20,1,16,0,21,18,18,112,19607737991914462295,2,2,True,False,1,2,2,2,2,2,21
1500000,1499980,20,1,16,1,21,18,19,113,19607737991914462295,2,2,True,False,1,2,2,2,2,2,23
1500000,1499980,20,1,16,2,21,18,20,115,19607737991914462295,2,2,True,False,1,2,2,2,2,2,24
1500000,1499980,20,1,16,4,21,18,22,117,19607737991914462295,2,2,True,False,1,2,2,2,2,2,26
10000,9950,50,1,4,0,51,85,85,142,959688159205600101655256375678,5,,False,True,2,56,5,6,5,6,51
10000,9950,50,1,4,1,51,85,86,142,959688159205600101655256375678,5,5,True,False,1,5,5,5,5,5,52
10000,9950,50,1,4,2,51,85,87,143,959688159205600101655256375678,5,5,True,False,1,5,5,5,5,5,53
10000,9950,50,1,4,4,51,85,89,144,959688159205600101655256375678,5,5,True,False,1,5,5,5,5,5,54
10000,9950,50,1,16,0,51,43,43,142,959688159205600101655256375678,5,5,True,False,1,5,5,5,5,5,52
10000,9950,50,1,16,1,51,43,44,143,959688159205600101655256375678,5,5,True,False,1,5,5,5,5,5,53
10000,9950,50,1,16,2,51,43,45,145,959688159205600101655256375678,5,5,True,False,1,5,5,5,5,5,54
10000,9950,50,1,16,4,51,43,47,147,959688159205600101655256375678,5,5,True,False,1,5,5,5,5,5,57
50000,49950,50,1,4,0,51,85,85,142,112718106910522900246574236041,3,,False,True,2,23,2,3,2,3,50
50000,49950,50,1,4,1,51,85,86,142,112718106910522900246574236041,3,,False,True,2,23,2,3,2,3,51
50000,49950,50,1,4,2,51,85,87,143,112718106910522900246574236041,3,,False,True,2,23,2,3,2,3,52
50000,49950,50,1,4,4,51,85,89,144,112718106910522900246574236041,3,3,True,False,1,3,3,3,3,3,53
50000,49950,50,1,16,0,51,43,43,142,112718106910522900246574236041,3,,False,True,2,23,2,3,2,3,51
50000,49950,50,1,16,1,51,43,44,143,112718106910522900246574236041,3,3,True,False,1,3,3,3,3,3,52
50000,49950,50,1,16,2,51,43,45,145,112718106910522900246574236041,3,3,True,False,1,3,3,3,3,3,54
50000,49950,50,1,16,4,51,43,47,147,112718106910522900246574236041,3,3,True,False,1,3,3,3,3,3,56
100000,99950,50,1,4,0,51,85,85,142,712790913767420805655493624646,4,,False,True,2,34,3,4,3,4,52
100000,99950,50,1,4,1,51,85,86,142,712790913767420805655493624646,4,,False,True,2,34,3,4,3,4,52
100000,99950,50,1,4,2,51,85,87,143,712790913767420805655493624646,4,4,True,False,1,4,4,4,4,4,53
100000,99950,50,1,4,4,51,85,89,144,712790913767420805655493624646,4,4,True,False,1,4,4,4,4,4,54
100000,99950,50,1,16,0,51,43,43,142,712790913767420805655493624646,4,,False,True,2,34,3,4,3,4,52
100000,99950,50,1,16,1,51,43,44,143,712790913767420805655493624646,4,4,True,False,1,4,4,4,4,4,53
100000,99950,50,1,16,2,51,43,45,145,712790913767420805655493624646,4,4,True,False,1,4,4,4,4,4,55
100000,99950,50,1,16,4,51,43,47,147,712790913767420805655493624646,4,4,True,False,1,4,4,4,4,4,57
500000,499950,50,1,4,0,51,85,85,142,193325290740424876025138195242,6,,False,True,2,67,6,7,6,7,51
500000,499950,50,1,4,1,51,85,86,142,193325290740424876025138195242,6,,False,True,2,67,6,7,6,7,52
500000,499950,50,1,4,2,51,85,87,143,193325290740424876025138195242,6,,False,True,2,67,6,7,6,7,53
500000,499950,50,1,4,4,51,85,89,144,193325290740424876025138195242,6,6,True,False,1,6,6,6,6,6,54
500000,499950,50,1,16,0,51,43,43,142,193325290740424876025138195242,6,,False,True,2,67,6,7,6,7,52
500000,499950,50,1,16,1,51,43,44,143,193325290740424876025138195242,6,6,True,False,1,6,6,6,6,6,53
500000,499950,50,1,16,2,51,43,45,145,193325290740424876025138195242,6,6,True,False,1,6,6,6,6,6,54
500000,499950,50,1,16,4,51,43,47,147,193325290740424876025138195242,6,6,True,False,1,6,6,6,6,6,57
1000000,999950,50,1,4,0,51,85,85,142,996346460422090106105779458151,3,,False,True,2,23,2,3,2,3,51
1000000,999950,50,1,4,1,51,85,86,142,996346460422090106105779458151,3,3,True,False,1,3,3,3,3,3,52
1000000,999950,50,1,4,2,51,85,87,143,996346460422090106105779458151,3,3,True,False,1,3,3,3,3,3,53
1000000,999950,50,1,4,4,51,85,89,144,996346460422090106105779458151,3,3,True,False,1,3,3,3,3,3,54
1000000,999950,50,1,16,0,51,43,43,142,996346460422090106105779458151,3,3,True,False,1,3,3,3,3,3,52
1000000,999950,50,1,16,1,51,43,44,143,996346460422090106105779458151,3,3,True,False,1,3,3,3,3,3,53
1000000,999950,50,1,16,2,51,43,45,145,996346460422090106105779458151,3,3,True,False,1,3,3,3,3,3,54
1000000,999950,50,1,16,4,51,43,47,147,996346460422090106105779458151,3,3,True,False,1,3,3,3,3,3,57
1500000,1499950,50,1,4,0,51,85,85,142,794715117319607737991914462295,2,2,True,False,1,2,2,2,2,2,52
1500000,1499950,50,1,4,1,51,85,86,142,794715117319607737991914462295,2,2,True,False,1,2,2,2,2,2,52
1500000,1499950,50,1,4,2,51,85,87,143,794715117319607737991914462295,2,2,True,False,1,2,2,2,2,2,53
1500000,1499950,50,1,4,4,51,85,89,144,794715117319607737991914462295,2,2,True,False,1,2,2,2,2,2,54
1500000,1499950,50,1,16,0,51,43,43,142,794715117319607737991914462295,2,2,True,False,1,2,2,2,2,2,52
1500000,1499950,50,1,16,1,51,43,44,143,794715117319607737991914462295,2,2,True,False,1,2,2,2,2,2,53
1500000,1499950,50,1,16,2,51,43,45,145,794715117319607737991914462295,2,2,True,False,1,2,2,2,2,2,55
1500000,1499950,50,1,16,4,51,43,47,147,794715117319607737991914462295,2,2,True,False,1,2,2,2,2,2,57
10000,9901,99,1,4,0,100,167,167,191,959688159205600101655256375678,5,5,True,False,1,5,5,5,5,5,101
10000,9901,99,1,4,1,100,167,168,192,959688159205600101655256375678,5,5,True,False,1,5,5,5,5,5,101
10000,9901,99,1,4,2,100,167,169,192,959688159205600101655256375678,5,5,True,False,1,5,5,5,5,5,102
10000,9901,99,1,4,4,100,167,171,193,959688159205600101655256375678,5,5,True,False,1,5,5,5,5,5,103
10000,9901,99,1,16,0,100,84,84,192,959688159205600101655256375678,5,5,True,False,1,5,5,5,5,5,101
10000,9901,99,1,16,1,100,84,85,193,959688159205600101655256375678,5,5,True,False,1,5,5,5,5,5,103
10000,9901,99,1,16,2,100,84,86,194,959688159205600101655256375678,5,5,True,False,1,5,5,5,5,5,104
10000,9901,99,1,16,4,100,84,88,196,959688159205600101655256375678,5,5,True,False,1,5,5,5,5,5,106
50000,49901,99,1,4,0,100,167,167,191,112718106910522900246574236041,3,,False,True,2,23,2,3,2,3,101
50000,49901,99,1,4,1,100,167,168,192,112718106910522900246574236041,3,,False,True,2,23,2,3,2,3,101
50000,49901,99,1,4,2,100,167,169,192,112718106910522900246574236041,3,,False,True,2,23,2,3,2,3,102
50000,49901,99,1,4,4,100,167,171,193,112718106910522900246574236041,3,3,True,False,1,3,3,3,3,3,103
50000,49901,99,1,16,0,100,84,84,192,112718106910522900246574236041,3,,False,True,2,23,2,3,2,3,101
50000,49901,99,1,16,1,100,84,85,193,112718106910522900246574236041,3,3,True,False,1,3,3,3,3,3,103
50000,49901,99,1,16,2,100,84,86,194,112718106910522900246574236041,3,3,True,False,1,3,3,3,3,3,104
50000,49901,99,1,16,4,100,84,88,196,112718106910522900246574236041,3,3,True,False,1,3,3,3,3,3,106
100000,99901,99,1,4,0,100,167,167,191,712790913767420805655493624646,4,4,True,False,1,4,4,4,4,4,101
100000,99901,99,1,4,1,100,167,168,192,712790913767420805655493624646,4,4,True,False,1,4,4,4,4,4,101
100000,99901,99,1,4,2,100,167,169,192,712790913767420805655493624646,4,4,True,False,1,4,4,4,4,4,102
100000,99901,99,1,4,4,100,167,171,193,712790913767420805655493624646,4,4,True,False,1,4,4,4,4,4,103
100000,99901,99,1,16,0,100,84,84,192,712790913767420805655493624646,4,4,True,False,1,4,4,4,4,4,101
100000,99901,99,1,16,1,100,84,85,193,712790913767420805655493624646,4,4,True,False,1,4,4,4,4,4,103
100000,99901,99,1,16,2,100,84,86,194,712790913767420805655493624646,4,4,True,False,1,4,4,4,4,4,104
100000,99901,99,1,16,4,100,84,88,196,712790913767420805655493624646,4,4,True,False,1,4,4,4,4,4,106
500000,499901,99,1,4,0,100,167,167,191,193325290740424876025138195242,6,6,True,False,1,6,6,6,6,6,101
500000,499901,99,1,4,1,100,167,168,192,193325290740424876025138195242,6,6,True,False,1,6,6,6,6,6,101
500000,499901,99,1,4,2,100,167,169,192,193325290740424876025138195242,6,6,True,False,1,6,6,6,6,6,102
500000,499901,99,1,4,4,100,167,171,193,193325290740424876025138195242,6,6,True,False,1,6,6,6,6,6,103
500000,499901,99,1,16,0,100,84,84,192,193325290740424876025138195242,6,6,True,False,1,6,6,6,6,6,101
500000,499901,99,1,16,1,100,84,85,193,193325290740424876025138195242,6,6,True,False,1,6,6,6,6,6,102
500000,499901,99,1,16,2,100,84,86,194,193325290740424876025138195242,6,6,True,False,1,6,6,6,6,6,104
500000,499901,99,1,16,4,100,84,88,196,193325290740424876025138195242,6,6,True,False,1,6,6,6,6,6,106
1000000,999901,99,1,4,0,100,167,167,191,996346460422090106105779458151,3,3,True,False,1,3,3,3,3,3,101
1000000,999901,99,1,4,1,100,167,168,192,996346460422090106105779458151,3,3,True,False,1,3,3,3,3,3,101
1000000,999901,99,1,4,2,100,167,169,192,996346460422090106105779458151,3,3,True,False,1,3,3,3,3,3,102
1000000,999901,99,1,4,4,100,167,171,193,996346460422090106105779458151,3,3,True,False,1,3,3,3,3,3,103
1000000,999901,99,1,16,0,100,84,84,192,996346460422090106105779458151,3,3,True,False,1,3,3,3,3,3,101
1000000,999901,99,1,16,1,100,84,85,193,996346460422090106105779458151,3,3,True,False,1,3,3,3,3,3,102
1000000,999901,99,1,16,2,100,84,86,194,996346460422090106105779458151,3,3,True,False,1,3,3,3,3,3,104
1000000,999901,99,1,16,4,100,84,88,196,996346460422090106105779458151,3,3,True,False,1,3,3,3,3,3,106
1500000,1499901,99,1,4,0,100,167,167,191,794715117319607737991914462295,2,2,True,False,1,2,2,2,2,2,101
1500000,1499901,99,1,4,1,100,167,168,192,794715117319607737991914462295,2,2,True,False,1,2,2,2,2,2,101
1500000,1499901,99,1,4,2,100,167,169,192,794715117319607737991914462295,2,2,True,False,1,2,2,2,2,2,102
1500000,1499901,99,1,4,4,100,167,171,193,794715117319607737991914462295,2,2,True,False,1,2,2,2,2,2,103
1500000,1499901,99,1,16,0,100,84,84,192,794715117319607737991914462295,2,2,True,False,1,2,2,2,2,2,101
1500000,1499901,99,1,16,1,100,84,85,193,794715117319607737991914462295,2,2,True,False,1,2,2,2,2,2,102
1500000,1499901,99,1,16,2,100,84,86,194,794715117319607737991914462295,2,2,True,False,1,2,2,2,2,2,104
1500000,1499901,99,1,16,4,100,84,88,196,794715117319607737991914462295,2,2,True,False,1,2,2,2,2,2,106
10000,9900,100,1,4,0,101,168,168,192,959688159205600101655256375678,5,,False,True,2,56,5,6,5,6,101
10000,9900,100,1,4,1,101,168,169,192,959688159205600101655256375678,5,5,True,False,1,5,5,5,5,5,102
10000,9900,100,1,4,2,101,168,170,193,959688159205600101655256375678,5,5,True,False,1,5,5,5,5,5,102
10000,9900,100,1,4,4,101,168,172,194,959688159205600101655256375678,5,5,True,False,1,5,5,5,5,5,103
10000,9900,100,1,16,0,101,84,84,192,959688159205600101655256375678,5,,False,True,2,56,5,6,5,6,101
10000,9900,100,1,16,1,101,84,85,193,959688159205600101655256375678,5,5,True,False,1,5,5,5,5,5,102
10000,9900,100,1,16,2,101,84,86,194,959688159205600101655256375678,5,5,True,False,1,5,5,5,5,5,103
10000,9900,100,1,16,4,101,84,88,196,959688159205600101655256375678,5,5,True,False,1,5,5,5,5,5,106
50000,49900,100,1,4,0,101,168,168,192,112718106910522900246574236041,3,,False,True,2,23,2,3,2,3,101
50000,49900,100,1,4,1,101,168,169,192,112718106910522900246574236041,3,,False,True,2,23,2,3,2,3,101
50000,49900,100,1,4,2,101,168,170,193,112718106910522900246574236041,3,3,True,False,1,3,3,3,3,3,102
50000,49900,100,1,4,4,101,168,172,194,112718106910522900246574236041,3,3,True,False,1,3,3,3,3,3,103
50000,49900,100,1,16,0,101,84,84,192,112718106910522900246574236041,3,,False,True,2,23,2,3,2,3,101
50000,49900,100,1,16,1,101,84,85,193,112718106910522900246574236041,3,3,True,False,1,3,3,3,3,3,102
50000,49900,100,1,16,2,101,84,86,194,112718106910522900246574236041,3,3,True,False,1,3,3,3,3,3,103
50000,49900,100,1,16,4,101,84,88,196,112718106910522900246574236041,3,3,True,False,1,3,3,3,3,3,106
100000,99900,100,1,4,0,101,168,168,192,712790913767420805655493624646,4,4,True,False,1,4,4,4,4,4,102
100000,99900,100,1,4,1,101,168,169,192,712790913767420805655493624646,4,4,True,False,1,4,4,4,4,4,102
100000,99900,100,1,4,2,101,168,170,193,712790913767420805655493624646,4,4,True,False,1,4,4,4,4,4,103
100000,99900,100,1,4,4,101,168,172,194,712790913767420805655493624646,4,4,True,False,1,4,4,4,4,4,104
100000,99900,100,1,16,0,101,84,84,192,712790913767420805655493624646,4,4,True,False,1,4,4,4,4,4,102
100000,99900,100,1,16,1,101,84,85,193,712790913767420805655493624646,4,4,True,False,1,4,4,4,4,4,103
100000,99900,100,1,16,2,101,84,86,194,712790913767420805655493624646,4,4,True,False,1,4,4,4,4,4,104
100000,99900,100,1,16,4,101,84,88,196,712790913767420805655493624646,4,4,True,False,1,4,4,4,4,4,106
500000,499900,100,1,4,0,101,168,168,192,193325290740424876025138195242,6,,False,True,2,67,6,7,6,7,101
500000,499900,100,1,4,1,101,168,169,192,193325290740424876025138195242,6,,False,True,2,67,6,7,6,7,102
500000,499900,100,1,4,2,101,168,170,193,193325290740424876025138195242,6,6,True,False,1,6,6,6,6,6,103
500000,499900,100,1,4,4,101,168,172,194,193325290740424876025138195242,6,6,True,False,1,6,6,6,6,6,104
500000,499900,100,1,16,0,101,84,84,192,193325290740424876025138195242,6,,False,True,2,67,6,7,6,7,101
500000,499900,100,1,16,1,101,84,85,193,193325290740424876025138195242,6,6,True,False,1,6,6,6,6,6,103
500000,499900,100,1,16,2,101,84,86,194,193325290740424876025138195242,6,6,True,False,1,6,6,6,6,6,104
500000,499900,100,1,16,4,101,84,88,196,193325290740424876025138195242,6,6,True,False,1,6,6,6,6,6,106
1000000,999900,100,1,4,0,101,168,168,192,996346460422090106105779458151,3,,False,True,2,23,2,3,2,3,100
1000000,999900,100,1,4,1,101,168,169,192,996346460422090106105779458151,3,,False,True,2,23,2,3,2,3,101
1000000,999900,100,1,4,2,101,168,170,193,996346460422090106105779458151,3,3,True,False,1,3,3,3,3,3,101
1000000,999900,100,1,4,4,101,168,172,194,996346460422090106105779458151,3,3,True,False,1,3,3,3,3,3,103
1000000,999900,100,1,16,0,101,84,84,192,996346460422090106105779458151,3,,False,True,2,23,2,3,2,3,100
1000000,999900,100,1,16,1,101,84,85,193,996346460422090106105779458151,3,3,True,False,1,3,3,3,3,3,101
1000000,999900,100,1,16,2,101,84,86,194,996346460422090106105779458151,3,3,True,False,1,3,3,3,3,3,103
1000000,999900,100,1,16,4,101,84,88,196,996346460422090106105779458151,3,3,True,False,1,3,3,3,3,3,105
1500000,1499900,100,1,4,0,101,168,168,192,794715117319607737991914462295,2,,False,True,2,12,1,2,1,2,101
1500000,1499900,100,1,4,1,101,168,169,192,794715117319607737991914462295,2,2,True,False,1,2,2,2,2,2,101
1500000,1499900,100,1,4,2,101,168,170,193,794715117319607737991914462295,2,2,True,False,1,2,2,2,2,2,102
1500000,1499900,100,1,4,4,101,168,172,194,794715117319607737991914462295,2,2,True,False,1,2,2,2,2,2,103
1500000,1499900,100,1,16,0,101,84,84,192,794715117319607737991914462295,2,,False,True,2,12,1,2,1,2,101
1500000,1499900,100,1,16,1,101,84,85,193,794715117319607737991914462295,2,2,True,False,1,2,2,2,2,2,102
1500000,1499900,100,1,16,2,101,84,86,194,794715117319607737991914462295,2,2,True,False,1,2,2,2,2,2,103
1500000,1499900,100,1,16,4,101,84,88,196,794715117319607737991914462295,2,2,True,False,1,2,2,2,2,2,106
10000,9900,100,5,4,0,105,175,175,196,959688159205600101655256375678,56672,56672,True,False,1,,56672,56672,56672,56672,105
10000,9900,100,5,4,1,105,175,176,196,959688159205600101655256375678,56672,56672,True,False,1,,56672,56672,56672,56672,106
10000,9900,100,5,4,2,105,175,177,197,959688159205600101655256375678,56672,56672,True,False,1,,56672,56672,56672,56672,106
10000,9900,100,5,4,4,105,175,179,198,959688159205600101655256375678,56672,56672,True,False,1,,56672,56672,56672,56672,108
10000,9900,100,5,16,0,105,88,88,196,959688159205600101655256375678,56672,56672,True,False,1,,56672,56672,56672,56672,106
10000,9900,100,5,16,1,105,88,89,198,959688159205600101655256375678,56672,56672,True,False,1,,56672,56672,56672,56672,107
10000,9900,100,5,16,2,105,88,90,199,959688159205600101655256375678,56672,56672,True,False,1,,56672,56672,56672,56672,108
10000,9900,100,5,16,4,105,88,92,201,959688159205600101655256375678,56672,56672,True,False,1,,56672,56672,56672,56672,111
50000,49900,100,5,4,0,105,175,175,196,112718106910522900246574236041,30093,,False,True,2,,30093,30094,30093,30094,105
50000,49900,100,5,4,1,105,175,176,196,112718106910522900246574236041,30093,30093,True,False,1,,30093,30093,30093,30093,106
50000,49900,100,5,4,2,105,175,177,197,112718106910522900246574236041,30093,30093,True,False,1,,30093,30093,30093,30093,106
50000,49900,100,5,4,4,105,175,179,198,112718106910522900246574236041,30093,30093,True,False,1,,30093,30093,30093,30093,107
50000,49900,100,5,16,0,105,88,88,196,112718106910522900246574236041,30093,30093,True,False,1,,30093,30093,30093,30093,106
50000,49900,100,5,16,1,105,88,89,198,112718106910522900246574236041,30093,30093,True,False,1,,30093,30093,30093,30093,107
50000,49900,100,5,16,2,105,88,90,199,112718106910522900246574236041,30093,30093,True,False,1,,30093,30093,30093,30093,108
50000,49900,100,5,16,4,105,88,92,201,112718106910522900246574236041,30093,30093,True,False,1,,30093,30093,30093,30093,110
100000,99900,100,5,4,0,105,175,175,196,712790913767420805655493624646,41260,,False,True,2,,41259,41260,41259,41260,106
100000,99900,100,5,4,1,105,175,176,196,712790913767420805655493624646,41260,,False,True,2,,41259,41260,41259,41260,106
100000,99900,100,5,4,2,105,175,177,197,712790913767420805655493624646,41260,41260,True,False,1,,41260,41260,41260,41260,107
100000,99900,100,5,4,4,105,175,179,198,712790913767420805655493624646,41260,41260,True,False,1,,41260,41260,41260,41260,108
100000,99900,100,5,16,0,105,88,88,196,712790913767420805655493624646,41260,,False,True,2,,41259,41260,41259,41260,106
100000,99900,100,5,16,1,105,88,89,198,712790913767420805655493624646,41260,41260,True,False,1,,41260,41260,41260,41260,108
100000,99900,100,5,16,2,105,88,90,199,712790913767420805655493624646,41260,41260,True,False,1,,41260,41260,41260,41260,109
100000,99900,100,5,16,4,105,88,92,201,712790913767420805655493624646,41260,41260,True,False,1,,41260,41260,41260,41260,111
500000,499900,100,5,4,0,105,175,175,196,193325290740424876025138195242,69739,,False,True,2,,69738,69739,69738,69739,106
500000,499900,100,5,4,1,105,175,176,196,193325290740424876025138195242,69739,69739,True,False,1,,69739,69739,69739,69739,106
500000,499900,100,5,4,2,105,175,177,197,193325290740424876025138195242,69739,69739,True,False,1,,69739,69739,69739,69739,107
500000,499900,100,5,4,4,105,175,179,198,193325290740424876025138195242,69739,69739,True,False,1,,69739,69739,69739,69739,108
500000,499900,100,5,16,0,105,88,88,196,193325290740424876025138195242,69739,69739,True,False,1,,69739,69739,69739,69739,106
500000,499900,100,5,16,1,105,88,89,198,193325290740424876025138195242,69739,69739,True,False,1,,69739,69739,69739,69739,107
500000,499900,100,5,16,2,105,88,90,199,193325290740424876025138195242,69739,69739,True,False,1,,69739,69739,69739,69739,109
500000,499900,100,5,16,4,105,88,92,201,193325290740424876025138195242,69739,69739,True,False,1,,69739,69739,69739,69739,111
1000000,999900,100,5,4,0,105,175,175,196,996346460422090106105779458151,30927,30927,True,False,1,,30927,30927,30927,30927,104
1000000,999900,100,5,4,1,105,175,176,196,996346460422090106105779458151,30927,30927,True,False,1,,30927,30927,30927,30927,105
1000000,999900,100,5,4,2,105,175,177,197,996346460422090106105779458151,30927,30927,True,False,1,,30927,30927,30927,30927,106
1000000,999900,100,5,4,4,105,175,179,198,996346460422090106105779458151,30927,30927,True,False,1,,30927,30927,30927,30927,107
1000000,999900,100,5,16,0,105,88,88,196,996346460422090106105779458151,30927,30927,True,False,1,,30927,30927,30927,30927,105
1000000,999900,100,5,16,1,105,88,89,198,996346460422090106105779458151,30927,30927,True,False,1,,30927,30927,30927,30927,106
1000000,999900,100,5,16,2,105,88,90,199,996346460422090106105779458151,30927,30927,True,False,1,,30927,30927,30927,30927,107
1000000,999900,100,5,16,4,105,88,92,201,996346460422090106105779458151,30927,30927,True,False,1,,30927,30927,30927,30927,110
1500000,1499900,100,5,4,0,105,175,175,196,794715117319607737991914462295,24435,,False,True,2,,24434,24435,24434,24435,105
1500000,1499900,100,5,4,1,105,175,176,196,794715117319607737991914462295,24435,24435,True,False,1,,24435,24435,24435,24435,106
1500000,1499900,100,5,4,2,105,175,177,197,794715117319607737991914462295,24435,24435,True,False,1,,24435,24435,24435,24435,106
1500000,1499900,100,5,4,4,105,175,179,198,794715117319607737991914462295,24435,24435,True,False,1,,24435,24435,24435,24435,107
1500000,1499900,100,5,16,0,105,88,88,196,794715117319607737991914462295,24435,24435,True,False,1,,24435,24435,24435,24435,106
1500000,1499900,100,5,16,1,105,88,89,198,794715117319607737991914462295,24435,24435,True,False,1,,24435,24435,24435,24435,107
1500000,1499900,100,5,16,2,105,88,90,199,794715117319607737991914462295,24435,24435,True,False,1,,24435,24435,24435,24435,108
1500000,1499900,100,5,16,4,105,88,92,201,794715117319607737991914462295,24435,24435,True,False,1,,24435,24435,24435,24435,110
10000,9900,100,10,4,0,110,183,183,201,959688159205600101655256375678,5667227966,,False,True,2,,5667227965,5667227966,5667227965,5667227966,110
10000,9900,100,10,4,1,110,183,184,201,959688159205600101655256375678,5667227966,5667227966,True,False,1,,5667227966,5667227966,5667227966,5667227966,111
10000,9900,100,10,4,2,110,183,185,202,959688159205600101655256375678,5667227966,5667227966,True,False,1,,5667227966,5667227966,5667227966,5667227966,111
10000,9900,100,10,4,4,110,183,187,203,959688159205600101655256375678,5667227966,5667227966,True,False,1,,5667227966,5667227966,5667227966,5667227966,113
10000,9900,100,10,16,0,110,92,92,201,959688159205600101655256375678,5667227966,5667227966,True,False,1,,5667227966,5667227966,5667227966,5667227966,111
10000,9900,100,10,16,1,110,92,93,202,959688159205600101655256375678,5667227966,5667227966,True,False,1,,5667227966,5667227966,5667227966,5667227966,112
10000,9900,100,10,16,2,110,92,94,204,959688159205600101655256375678,5667227966,5667227966,True,False,1,,5667227966,5667227966,5667227966,5667227966,113
10000,9900,100,10,16,4,110,92,96,206,959688159205600101655256375678,5667227966,5667227966,True,False,1,,5667227966,5667227966,5667227966,5667227966,116
50000,49900,100,10,4,0,110,183,183,201,112718106910522900246574236041,3009369188,,False,True,2,,3009369188,3009369189,3009369188,3009369189,110
50000,49900,100,10,4,1,110,183,184,201,112718106910522900246574236041,3009369188,,False,True,2,,3009369188,3009369189,3009369188,3009369189,110
50000,49900,100,10,4,2,110,183,185,202,112718106910522900246574236041,3009369188,3009369188,True,False,1,,3009369188,3009369188,3009369188,3009369188,111
50000,49900,100,10,4,4,110,183,187,203,112718106910522900246574236041,3009369188,3009369188,True,False,1,,3009369188,3009369188,3009369188,3009369188,112
50000,49900,100,10,16,0,110,92,92,201,112718106910522900246574236041,3009369188,,False,True,2,,3009369188,3009369189,3009369188,3009369189,110
50000,49900,100,10,16,1,110,92,93,202,112718106910522900246574236041,3009369188,3009369188,True,False,1,,3009369188,3009369188,3009369188,3009369188,112
50000,49900,100,10,16,2,110,92,94,204,112718106910522900246574236041,3009369188,3009369188,True,False,1,,3009369188,3009369188,3009369188,3009369188,113
50000,49900,100,10,16,4,110,92,96,206,112718106910522900246574236041,3009369188,3009369188,True,False,1,,3009369188,3009369188,3009369188,3009369188,115
100000,99900,100,10,4,0,110,183,183,201,712790913767420805655493624646,4126002437,,False,True,2,,4126002437,4126002438,4126002437,4126002438,111
100000,99900,100,10,4,1,110,183,184,201,712790913767420805655493624646,4126002437,,False,True,2,,4126002437,4126002438,4126002437,4126002438,111
100000,99900,100,10,4,2,110,183,185,202,712790913767420805655493624646,4126002437,4126002437,True,False,1,,4126002437,4126002437,4126002437,4126002437,112
100000,99900,100,10,4,4,110,183,187,203,712790913767420805655493624646,4126002437,4126002437,True,False,1,,4126002437,4126002437,4126002437,4126002437,113
100000,99900,100,10,16,0,110,92,92,201,712790913767420805655493624646,4126002437,,False,True,2,,4126002437,4126002438,4126002437,4126002438,111
100000,99900,100,10,16,1,110,92,93,202,712790913767420805655493624646,4126002437,4126002437,True,False,1,,4126002437,4126002437,4126002437,4126002437,112
100000,99900,100,10,16,2,110,92,94,204,712790913767420805655493624646,4126002437,4126002437,True,False,1,,4126002437,4126002437,4126002437,4126002437,114
100000,99900,100,10,16,4,110,92,96,206,712790913767420805655493624646,4126002437,4126002437,True,False,1,,4126002437,4126002437,4126002437,4126002437,116
500000,499900,100,10,4,0,110,183,183,201,193325290740424876025138195242,6973910175,,False,True,2,,6973910175,6973910176,6973910175,6973910176,110
500000,499900,100,10,4,1,110,183,184,201,193325290740424876025138195242,6973910175,6973910175,True,False,1,,6973910175,6973910175,6973910175,6973910175,111
500000,499900,100,10,4,2,110,183,185,202,193325290740424876025138195242,6973910175,6973910175,True,False,1,,6973910175,6973910175,6973910175,6973910175,112
500000,499900,100,10,4,4,110,183,187,203,193325290740424876025138195242,6973910175,6973910175,True,False,1,,6973910175,6973910175,6973910175,6973910175,113
500000,499900,100,10,16,0,110,92,92,201,193325290740424876025138195242,6973910175,6973910175,True,False,1,,6973910175,6973910175,6973910175,6973910175,111
500000,499900,100,10,16,1,110,92,93,202,193325290740424876025138195242,6973910175,6973910175,True,False,1,,6973910175,6973910175,6973910175,6973910175,112
500000,499900,100,10,16,2,110,92,94,204,193325290740424876025138195242,6973910175,6973910175,True,False,1,,6973910175,6973910175,6973910175,6973910175,113
500000,499900,100,10,16,4,110,92,96,206,193325290740424876025138195242,6973910175,6973910175,True,False,1,,6973910175,6973910175,6973910175,6973910175,116
1000000,999900,100,10,4,0,110,183,183,201,996346460422090106105779458151,3092756283,,False,True,2,,3092756282,3092756283,3092756282,3092756283,109
1000000,999900,100,10,4,1,110,183,184,201,996346460422090106105779458151,3092756283,3092756283,True,False,1,,3092756283,3092756283,3092756283,3092756283,110
1000000,999900,100,10,4,2,110,183,185,202,996346460422090106105779458151,3092756283,3092756283,True,False,1,,3092756283,3092756283,3092756283,3092756283,110
1000000,999900,100,10,4,4,110,183,187,203,996346460422090106105779458151,3092756283,3092756283,True,False,1,,3092756283,3092756283,3092756283,3092756283,112
1000000,999900,100,10,16,0,110,92,92,201,996346460422090106105779458151,3092756283,3092756283,True,False,1,,3092756283,3092756283,3092756283,3092756283,110
1000000,999900,100,10,16,1,110,92,93,202,996346460422090106105779458151,3092756283,3092756283,True,False,1,,3092756283,3092756283,3092756283,3092756283,111
1000000,999900,100,10,16,2,110,92,94,204,996346460422090106105779458151,3092756283,3092756283,True,False,1,,3092756283,3092756283,3092756283,3092756283,112
1000000,999900,100,10,16,4,110,92,96,206,996346460422090106105779458151,3092756283,3092756283,True,False,1,,3092756283,3092756283,3092756283,3092756283,115
1500000,1499900,100,10,4,0,110,183,183,201,794715117319607737991914462295,2443520595,,False,True,2,,2443520594,2443520595,2443520594,2443520595,110
1500000,1499900,100,10,4,1,110,183,184,201,794715117319607737991914462295,2443520595,,False,True,2,,2443520594,2443520595,2443520594,2443520595,110
1500000,1499900,100,10,4,2,110,183,185,202,794715117319607737991914462295,2443520595,,False,True,2,,2443520594,2443520595,2443520594,2443520595,111
1500000,1499900,100,10,4,4,110,183,187,203,794715117319607737991914462295,2443520595,2443520595,True,False,1,,2443520595,2443520595,2443520595,2443520595,112
1500000,1499900,100,10,16,0,110,92,92,201,794715117319607737991914462295,2443520595,,False,True,2,,2443520594,2443520595,2443520594,2443520595,110
1500000,1499900,100,10,16,1,110,92,93,202,794715117319607737991914462295,2443520595,2443520595,True,False,1,,2443520595,2443520595,2443520595,2443520595,112
1500000,1499900,100,10,16,2,110,92,94,204,794715117319607737991914462295,2443520595,2443520595,True,False,1,,2443520595,2443520595,2443520595,2443520595,113
1500000,1499900,100,10,16,4,110,92,96,206,794715117319607737991914462295,2443520595,2443520595,True,False,1,,2443520595,2443520595,2443520595,2443520595,115
10000,9900,100,50,4,0,150,250,250,241,959688159205600101655256375678,56672279661988578279484885583439751874454551296563,56672279661988578279484885583439751874454551296563,True,False,1,,56672279661988578279484885583439751874454551296563,56672279661988578279484885583439751874454551296563,56672279661988578279484885583439751874454551296563,56672279661988578279484885583439751874454551296563,150
10000,9900,100,50,4,1,150,250,251,242,959688159205600101655256375678,56672279661988578279484885583439751874454551296563,56672279661988578279484885583439751874454551296563,True,False,1,,56672279661988578279484885583439751874454551296563,56672279661988578279484885583439751874454551296563,56672279661988578279484885583439751874454551296563,56672279661988578279484885583439751874454551296563,151
10000,9900,100,50,4,2,150,250,252,242,959688159205600101655256375678,56672279661988578279484885583439751874454551296563,56672279661988578279484885583439751874454551296563,True,False,1,,56672279661988578279484885583439751874454551296563,56672279661988578279484885583439751874454551296563,56672279661988578279484885583439751874454551296563,56672279661988578279484885583439751874454551296563,152
10000,9900,100,50,4,4,150,250,254,243,959688159205600101655256375678,56672279661988578279484885583439751874454551296563,56672279661988578279484885583439751874454551296563,True,False,1,,56672279661988578279484885583439751874454551296563,56672279661988578279484885583439751874454551296563,56672279661988578279484885583439751874454551296563,56672279661988578279484885583439751874454551296563,153
10000,9900,100,50,16,0,150,125,125,241,959688159205600101655256375678,56672279661988578279484885583439751874454551296563,56672279661988578279484885583439751874454551296563,True,False,1,,56672279661988578279484885583439751874454551296563,56672279661988578279484885583439751874454551296563,56672279661988578279484885583439751874454551296563,56672279661988578279484885583439751874454551296563,150
10000,9900,100,50,16,1,150,125,126,242,959688159205600101655256375678,56672279661988578279484885583439751874454551296563,56672279661988578279484885583439751874454551296563,True,False,1,,56672279661988578279484885583439751874454551296563,56672279661988578279484885583439751874454551296563,56672279661988578279484885583439751874454551296563,56672279661988578279484885583439751874454551296563,152
10000,9900,100,50,16,2,150,125,127,243,959688159205600101655256375678,56672279661988578279484885583439751874454551296563,56672279661988578279484885583439751874454551296563,True,False,1,,56672279661988578279484885583439751874454551296563,56672279661988578279484885583439751874454551296563,56672279661988578279484885583439751874454551296563,56672279661988578279484885583439751874454551296563,153
10000,9900,100,50,16,4,150,125,129,246,959688159205600101655256375678,56672279661988578279484885583439751874454551296563,56672279661988578279484885583439751874454551296563,True,False,1,,56672279661988578279484885583439751874454551296563,56672279661988578279484885583439751874454551296563,56672279661988578279484885583439751874454551296563,56672279661988578279484885583439751874454551296563,155
50000,49900,100,50,4,0,150,250,250,241,112718106910522900246574236041,30093691889255865784668461215679554256605416005071,30093691889255865784668461215679554256605416005071,True,False,1,,30093691889255865784668461215679554256605416005071,30093691889255865784668461215679554256605416005071,30093691889255865784668461215679554256605416005071,30093691889255865784668461215679554256605416005071,150
50000,49900,100,50,4,1,150,250,251,242,112718106910522900246574236041,30093691889255865784668461215679554256605416005071,30093691889255865784668461215679554256605416005071,True,False,1,,30093691889255865784668461215679554256605416005071,30093691889255865784668461215679554256605416005071,30093691889255865784668461215679554256605416005071,30093691889255865784668461215679554256605416005071,151
50000,49900,100,50,4,2,150,250,252,242,112718106910522900246574236041,30093691889255865784668461215679554256605416005071,30093691889255865784668461215679554256605416005071,True,False,1,,30093691889255865784668461215679554256605416005071,30093691889255865784668461215679554256605416005071,30093691889255865784668461215679554256605416005071,30093691889255865784668461215679554256605416005071,151
50000,49900,100,50,4,4,150,250,254,243,112718106910522900246574236041,30093691889255865784668461215679554256605416005071,30093691889255865784668461215679554256605416005071,True,False,1,,30093691889255865784668461215679554256605416005071,30093691889255865784668461215679554256605416005071,30093691889255865784668461215679554256605416005071,30093691889255865784668461215679554256605416005071,153
50000,49900,100,50,16,0,150,125,125,241,112718106910522900246574236041,30093691889255865784668461215679554256605416005071,30093691889255865784668461215679554256605416005071,True,False,1,,30093691889255865784668461215679554256605416005071,30093691889255865784668461215679554256605416005071,30093691889255865784668461215679554256605416005071,30093691889255865784668461215679554256605416005071,150
50000,49900,100,50,16,1,150,125,126,242,112718106910522900246574236041,30093691889255865784668461215679554256605416005071,30093691889255865784668461215679554256605416005071,True,False,1,,30093691889255865784668461215679554256605416005071,30093691889255865784668461215679554256605416005071,30093691889255865784668461215679554256605416005071,30093691889255865784668461215679554256605416005071,151
50000,49900,100,50,16,2,150,125,127,243,112718106910522900246574236041,30093691889255865784668461215679554256605416005071,30093691889255865784668461215679554256605416005071,True,False,1,,30093691889255865784668461215679554256605416005071,30093691889255865784668461215679554256605416005071,30093691889255865784668461215679554256605416005071,30093691889255865784668461215679554256605416005071,153
50000,49900,100,50,16,4,150,125,129,246,112718106910522900246574236041,30093691889255865784668461215679554256605416005071,30093691889255865784668461215679554256605416005071,True,False,1,,30093691889255865784668461215679554256605416005071,30093691889255865784668461215679554256605416005071,30093691889255865784668461215679554256605416005071,30093691889255865784668461215679554256605416005071,155
100000,99900,100,50,4,0,150,250,250,241,712790913767420805655493624646,41260024379684543777339026472512819416320076848736,41260024379684543777339026472512819416320076848736,True,False,1,,41260024379684543777339026472512819416320076848736,41260024379684543777339026472512819416320076848736,41260024379684543777339026472512819416320076848736,41260024379684543777339026472512819416320076848736,151
100000,99900,100,50,4,1,150,250,251,242,712790913767420805655493624646,41260024379684543777339026472512819416320076848736,41260024379684543777339026472512819416320076848736,True,False,1,,41260024379684543777339026472512819416320076848736,41260024379684543777339026472512819416320076848736,41260024379684543777339026472512819416320076848736,41260024379684543777339026472512819416320076848736,152
100000,99900,100,50,4,2,150,250,252,242,712790913767420805655493624646,41260024379684543777339026472512819416320076848736,41260024379684543777339026472512819416320076848736,True,False,1,,41260024379684543777339026472512819416320076848736,41260024379684543777339026472512819416320076848736,41260024379684543777339026472512819416320076848736,41260024379684543777339026472512819416320076848736,152
100000,99900,100,50,4,4,150,250,254,243,712790913767420805655493624646,41260024379684543777339026472512819416320076848736,41260024379684543777339026472512819416320076848736,True,False,1,,41260024379684543777339026472512819416320076848736,41260024379684543777339026472512819416320076848736,41260024379684543777339026472512819416320076848736,41260024379684543777339026472512819416320076848736,153
100000,99900,100,50,16,0,150,125,125,241,712790913767420805655493624646,41260024379684543777339026472512819416320076848736,41260024379684543777339026472512819416320076848736,True,False,1,,41260024379684543777339026472512819416320076848736,41260024379684543777339026472512819416320076848736,41260024379684543777339026472512819416320076848736,41260024379684543777339026472512819416320076848736,151
100000,99900,100,50,16,1,150,125,126,242,712790913767420805655493624646,41260024379684543777339026472512819416320076848736,41260024379684543777339026472512819416320076848736,True,False,1,,41260024379684543777339026472512819416320076848736,41260024379684543777339026472512819416320076848736,41260024379684543777339026472512819416320076848736,41260024379684543777339026472512819416320076848736,152
100000,99900,100,50,16,2,150,125,127,243,712790913767420805655493624646,41260024379684543777339026472512819416320076848736,41260024379684543777339026472512819416320076848736,True,False,1,,41260024379684543777339026472512819416320076848736,41260024379684543777339026472512819416320076848736,41260024379684543777339026472512819416320076848736,41260024379684543777339026472512819416320076848736,153
100000,99900,100,50,16,4,150,125,129,246,712790913767420805655493624646,41260024379684543777339026472512819416320076848736,41260024379684543777339026472512819416320076848736,True,False,1,,41260024379684543777339026472512819416320076848736,41260024379684543777339026472512819416320076848736,41260024379684543777339026472512819416320076848736,41260024379684543777339026472512819416320076848736,156
500000,499900,100,50,4,0,150,250,250,241,193325290740424876025138195242,69739101756371975343004479617825043115331506758256,69739101756371975343004479617825043115331506758256,True,False,1,,69739101756371975343004479617825043115331506758256,69739101756371975343004479617825043115331506758256,69739101756371975343004479617825043115331506758256,69739101756371975343004479617825043115331506758256,151
500000,499900,100,50,4,1,150,250,251,242,193325290740424876025138195242,69739101756371975343004479617825043115331506758256,69739101756371975343004479617825043115331506758256,True,False,1,,69739101756371975343004479617825043115331506758256,69739101756371975343004479617825043115331506758256,69739101756371975343004479617825043115331506758256,69739101756371975343004479617825043115331506758256,151
500000,499900,100,50,4,2,150,250,252,242,193325290740424876025138195242,69739101756371975343004479617825043115331506758256,69739101756371975343004479617825043115331506758256,True,False,1,,69739101756371975343004479617825043115331506758256,69739101756371975343004479617825043115331506758256,69739101756371975343004479617825043115331506758256,69739101756371975343004479617825043115331506758256,152
500000,499900,100,50,4,4,150,250,254,243,193325290740424876025138195242,69739101756371975343004479617825043115331506758256,69739101756371975343004479617825043115331506758256,True,False,1,,69739101756371975343004479617825043115331506758256,69739101756371975343004479617825043115331506758256,69739101756371975343004479617825043115331506758256,69739101756371975343004479617825043115331506758256,153
500000,499900,100,50,16,0,150,125,125,241,193325290740424876025138195242,69739101756371975343004479617825043115331506758256,69739101756371975343004479617825043115331506758256,True,False,1,,69739101756371975343004479617825043115331506758256,69739101756371975343004479617825043115331506758256,69739101756371975343004479617825043115331506758256,69739101756371975343004479617825043115331506758256,151
500000,499900,100,50,16,1,150,125,126,242,193325290740424876025138195242,69739101756371975343004479617825043115331506758256,69739101756371975343004479617825043115331506758256,True,False,1,,69739101756371975343004479617825043115331506758256,69739101756371975343004479617825043115331506758256,69739101756371975343004479617825043115331506758256,69739101756371975343004479617825043115331506758256,152
500000,499900,100,50,16,2,150,125,127,243,193325290740424876025138195242,69739101756371975343004479617825043115331506758256,69739101756371975343004479617825043115331506758256,True,False,1,,69739101756371975343004479617825043115331506758256,69739101756371975343004479617825043115331506758256,69739101756371975343004479617825043115331506758256,69739101756371975343004479617825043115331506758256,153
500000,499900,100,50,16,4,150,125,129,246,193325290740424876025138195242,69739101756371975343004479617825043115331506758256,69739101756371975343004479617825043115331506758256,True,False,1,,69739101756371975343004479617825043115331506758256,69739101756371975343004479617825043115331506758256,69739101756371975343004479617825043115331506758256,69739101756371975343004479617825043115331506758256,156
1000000,999900,100,50,4,0,150,250,250,241,996346460422090106105779458151,30927562832084531584652001027797235612923012605863,30927562832084531584652001027797235612923012605863,True,False,1,,30927562832084531584652001027797235612923012605863,30927562832084531584652001027797235612923012605863,30927562832084531584652001027797235612923012605863,30927562832084531584652001027797235612923012605863,150
1000000,999900,100,50,4,1,150,250,251,242,996346460422090106105779458151,30927562832084531584652001027797235612923012605863,30927562832084531584652001027797235612923012605863,True,False,1,,30927562832084531584652001027797235612923012605863,30927562832084531584652001027797235612923012605863,30927562832084531584652001027797235612923012605863,30927562832084531584652001027797235612923012605863,150
1000000,999900,100,50,4,2,150,250,252,242,996346460422090106105779458151,30927562832084531584652001027797235612923012605863,30927562832084531584652001027797235612923012605863,True,False,1,,30927562832084531584652001027797235612923012605863,30927562832084531584652001027797235612923012605863,30927562832084531584652001027797235612923012605863,30927562832084531584652001027797235612923012605863,151
1000000,999900,100,50,4,4,150,250,254,243,996346460422090106105779458151,30927562832084531584652001027797235612923012605863,30927562832084531584652001027797235612923012605863,True,False,1,,30927562832084531584652001027797235612923012605863,30927562832084531584652001027797235612923012605863,30927562832084531584652001027797235612923012605863,30927562832084531584652001027797235612923012605863,152
1000000,999900,100,50,16,0,150,125,125,241,996346460422090106105779458151,30927562832084531584652001027797235612923012605863,30927562832084531584652001027797235612923012605863,True,False,1,,30927562832084531584652001027797235612923012605863,30927562832084531584652001027797235612923012605863,30927562832084531584652001027797235612923012605863,30927562832084531584652001027797235612923012605863,150
1000000,999900,100,50,16,1,150,125,126,242,996346460422090106105779458151,30927562832084531584652001027797235612923012605863,30927562832084531584652001027797235612923012605863,True,False,1,,30927562832084531584652001027797235612923012605863,30927562832084531584652001027797235612923012605863,30927562832084531584652001027797235612923012605863,30927562832084531584652001027797235612923012605863,151
1000000,999900,100,50,16,2,150,125,127,243,996346460422090106105779458151,30927562832084531584652001027797235612923012605863,30927562832084531584652001027797235612923012605863,True,False,1,,30927562832084531584652001027797235612923012605863,30927562832084531584652001027797235612923012605863,30927562832084531584652001027797235612923012605863,30927562832084531584652001027797235612923012605863,152
1000000,999900,100,50,16,4,150,125,129,246,996346460422090106105779458151,30927562832084531584652001027797235612923012605863,30927562832084531584652001027797235612923012605863,True,False,1,,30927562832084531584652001027797235612923012605863,30927562832084531584652001027797235612923012605863,30927562832084531584652001027797235612923012605863,30927562832084531584652001027797235612923012605863,154
1500000,1499900,100,50,4,0,150,250,250,241,794715117319607737991914462295,24435205950168142137795374191310300287463188239601,24435205950168142137795374191310300287463188239601,True,False,1,,24435205950168142137795374191310300287463188239601,24435205950168142137795374191310300287463188239601,24435205950168142137795374191310300287463188239601,24435205950168142137795374191310300287463188239601,150
1500000,1499900,100,50,4,1,150,250,251,242,794715117319607737991914462295,24435205950168142137795374191310300287463188239601,24435205950168142137795374191310300287463188239601,True,False,1,,24435205950168142137795374191310300287463188239601,24435205950168142137795374191310300287463188239601,24435205950168142137795374191310300287463188239601,24435205950168142137795374191310300287463188239601,151
1500000,1499900,100,50,4,2,150,250,252,242,794715117319607737991914462295,24435205950168142137795374191310300287463188239601,24435205950168142137795374191310300287463188239601,True,False,1,,24435205950168142137795374191310300287463188239601,24435205950168142137795374191310300287463188239601,24435205950168142137795374191310300287463188239601,24435205950168142137795374191310300287463188239601,151
1500000,1499900,100,50,4,4,150,250,254,243,794715117319607737991914462295,24435205950168142137795374191310300287463188239601,24435205950168142137795374191310300287463188239601,True,False,1,,24435205950168142137795374191310300287463188239601,24435205950168142137795374191310300287463188239601,24435205950168142137795374191310300287463188239601,24435205950168142137795374191310300287463188239601,153
1500000,1499900,100,50,16,0,150,125,125,241,794715117319607737991914462295,24435205950168142137795374191310300287463188239601,24435205950168142137795374191310300287463188239601,True,False,1,,24435205950168142137795374191310300287463188239601,24435205950168142137795374191310300287463188239601,24435205950168142137795374191310300287463188239601,24435205950168142137795374191310300287463188239601,150
1500000,1499900,100,50,16,1,150,125,126,242,794715117319607737991914462295,24435205950168142137795374191310300287463188239601,24435205950168142137795374191310300287463188239601,True,False,1,,24435205950168142137795374191310300287463188239601,24435205950168142137795374191310300287463188239601,24435205950168142137795374191310300287463188239601,24435205950168142137795374191310300287463188239601,151
1500000,1499900,100,50,16,2,150,125,127,243,794715117319607737991914462295,24435205950168142137795374191310300287463188239601,24435205950168142137795374191310300287463188239601,True,False,1,,24435205950168142137795374191310300287463188239601,24435205950168142137795374191310300287463188239601,24435205950168142137795374191310300287463188239601,24435205950168142137795374191310300287463188239601,153
1500000,1499900,100,50,16,4,150,125,129,246,794715117319607737991914462295,24435205950168142137795374191310300287463188239601,24435205950168142137795374191310300287463188239601,True,False,1,,24435205950168142137795374191310300287463188239601,24435205950168142137795374191310300287463188239601,24435205950168142137795374191310300287463188239601,24435205950168142137795374191310300287463188239601,155
10000,9900,100,100,4,0,200,333,333,291,959688159205600101655256375678,5667227966198857827948488558343975187445455129656344348039664205579829368043522027709842942325330225,5667227966198857827948488558343975187445455129656344348039664205579829368043522027709842942325330225,True,False,1,,5667227966198857827948488558343975187445455129656344348039664205579829368043522027709842942325330225,5667227966198857827948488558343975187445455129656344348039664205579829368043522027709842942325330225,5667227966198857827948488558343975187445455129656344348039664205579829368043522027709842942325330225,5667227966198857827948488558343975187445455129656344348039664205579829368043522027709842942325330225,200
10000,9900,100,100,4,1,200,333,334,292,959688159205600101655256375678,5667227966198857827948488558343975187445455129656344348039664205579829368043522027709842942325330225,5667227966198857827948488558343975187445455129656344348039664205579829368043522027709842942325330225,True,False,1,,5667227966198857827948488558343975187445455129656344348039664205579829368043522027709842942325330225,5667227966198857827948488558343975187445455129656344348039664205579829368043522027709842942325330225,5667227966198857827948488558343975187445455129656344348039664205579829368043522027709842942325330225,5667227966198857827948488558343975187445455129656344348039664205579829368043522027709842942325330225,201
10000,9900,100,100,4,2,200,333,335,292,959688159205600101655256375678,5667227966198857827948488558343975187445455129656344348039664205579829368043522027709842942325330225,5667227966198857827948488558343975187445455129656344348039664205579829368043522027709842942325330225,True,False,1,,5667227966198857827948488558343975187445455129656344348039664205579829368043522027709842942325330225,5667227966198857827948488558343975187445455129656344348039664205579829368043522027709842942325330225,5667227966198857827948488558343975187445455129656344348039664205579829368043522027709842942325330225,5667227966198857827948488558343975187445455129656344348039664205579829368043522027709842942325330225,202
10000,9900,100,100,4,4,200,333,337,293,959688159205600101655256375678,5667227966198857827948488558343975187445455129656344348039664205579829368043522027709842942325330225,5667227966198857827948488558343975187445455129656344348039664205579829368043522027709842942325330225,True,False,1,,5667227966198857827948488558343975187445455129656344348039664205579829368043522027709842942325330225,5667227966198857827948488558343975187445455129656344348039664205579829368043522027709842942325330225,5667227966198857827948488558343975187445455129656344348039664205579829368043522027709842942325330225,5667227966198857827948488558343975187445455129656344348039664205579829368043522027709842942325330225,203
10000,9900,100,100,16,0,200,167,167,292,959688159205600101655256375678,5667227966198857827948488558343975187445455129656344348039664205579829368043522027709842942325330225,5667227966198857827948488558343975187445455129656344348039664205579829368043522027709842942325330225,True,False,1,,5667227966198857827948488558343975187445455129656344348039664205579829368043522027709842942325330225,5667227966198857827948488558343975187445455129656344348039664205579829368043522027709842942325330225,5667227966198857827948488558343975187445455129656344348039664205579829368043522027709842942325330225,5667227966198857827948488558343975187445455129656344348039664205579829368043522027709842942325330225,201
10000,9900,100,100,16,1,200,167,168,293,959688159205600101655256375678,5667227966198857827948488558343975187445455129656344348039664205579829368043522027709842942325330225,5667227966198857827948488558343975187445455129656344348039664205579829368043522027709842942325330225,True,False,1,,5667227966198857827948488558343975187445455129656344348039664205579829368043522027709842942325330225,5667227966198857827948488558343975187445455129656344348039664205579829368043522027709842942325330225,5667227966198857827948488558343975187445455129656344348039664205579829368043522027709842942325330225,5667227966198857827948488558343975187445455129656344348039664205579829368043522027709842942325330225,202
10000,9900,100,100,16,2,200,167,169,294,959688159205600101655256375678,5667227966198857827948488558343975187445455129656344348039664205579829368043522027709842942325330225,5667227966198857827948488558343975187445455129656344348039664205579829368043522027709842942325330225,True,False,1,,5667227966198857827948488558343975187445455129656344348039664205579829368043522027709842942325330225,5667227966198857827948488558343975187445455129656344348039664205579829368043522027709842942325330225,5667227966198857827948488558343975187445455129656344348039664205579829368043522027709842942325330225,5667227966198857827948488558343975187445455129656344348039664205579829368043522027709842942325330225,203
10000,9900,100,100,16,4,200,167,171,296,959688159205600101655256375678,5667227966198857827948488558343975187445455129656344348039664205579829368043522027709842942325330225,5667227966198857827948488558343975187445455129656344348039664205579829368043522027709842942325330225,True,False,1,,5667227966198857827948488558343975187445455129656344348039664205579829368043522027709842942325330225,5667227966198857827948488558343975187445455129656344348039664205579829368043522027709842942325330225,5667227966198857827948488558343975187445455129656344348039664205579829368043522027709842942325330225,5667227966198857827948488558343975187445455129656344348039664205579829368043522027709842942325330225,206
50000,49900,100,100,4,0,200,333,333,291,112718106910522900246574236041,3009369188925586578466846121567955425660541600507127664176605687427420032957716064344860620123982169,3009369188925586578466846121567955425660541600507127664176605687427420032957716064344860620123982169,True,False,1,,3009369188925586578466846121567955425660541600507127664176605687427420032957716064344860620123982169,3009369188925586578466846121567955425660541600507127664176605687427420032957716064344860620123982169,3009369188925586578466846121567955425660541600507127664176605687427420032957716064344860620123982169,3009369188925586578466846121567955425660541600507127664176605687427420032957716064344860620123982169,200
50000,49900,100,100,4,1,200,333,334,292,112718106910522900246574236041,3009369188925586578466846121567955425660541600507127664176605687427420032957716064344860620123982169,3009369188925586578466846121567955425660541600507127664176605687427420032957716064344860620123982169,True,False,1,,3009369188925586578466846121567955425660541600507127664176605687427420032957716064344860620123982169,3009369188925586578466846121567955425660541600507127664176605687427420032957716064344860620123982169,3009369188925586578466846121567955425660541600507127664176605687427420032957716064344860620123982169,3009369188925586578466846121567955425660541600507127664176605687427420032957716064344860620123982169,201
50000,49900,100,100,4,2,200,333,335,292,112718106910522900246574236041,3009369188925586578466846121567955425660541600507127664176605687427420032957716064344860620123982169,3009369188925586578466846121567955425660541600507127664176605687427420032957716064344860620123982169,True,False,1,,3009369188925586578466846121567955425660541600507127664176605687427420032957716064344860620123982169,3009369188925586578466846121567955425660541600507127664176605687427420032957716064344860620123982169,3009369188925586578466846121567955425660541600507127664176605687427420032957716064344860620123982169,3009369188925586578466846121567955425660541600507127664176605687427420032957716064344860620123982169,201
50000,49900,100,100,4,4,200,333,337,293,112718106910522900246574236041,3009369188925586578466846121567955425660541600507127664176605687427420032957716064344860620123982169,3009369188925586578466846121567955425660541600507127664176605687427420032957716064344860620123982169,True,False,1,,3009369188925586578466846121567955425660541600507127664176605687427420032957716064344860620123982169,3009369188925586578466846121567955425660541600507127664176605687427420032957716064344860620123982169,3009369188925586578466846121567955425660541600507127664176605687427420032957716064344860620123982169,3009369188925586578466846121567955425660541600507127664176605687427420032957716064344860620123982169,203
50000,49900,100,100,16,0,200,167,167,292,112718106910522900246574236041,3009369188925586578466846121567955425660541600507127664176605687427420032957716064344860620123982169,3009369188925586578466846121567955425660541600507127664176605687427420032957716064344860620123982169,True,False,1,,3009369188925586578466846121567955425660541600507127664176605687427420032957716064344860620123982169,3009369188925586578466846121567955425660541600507127664176605687427420032957716064344860620123982169,3009369188925586578466846121567955425660541600507127664176605687427420032957716064344860620123982169,3009369188925586578466846121567955425660541600507127664176605687427420032957716064344860620123982169,201
50000,49900,100,100,16,1,200,167,168,293,112718106910522900246574236041,3009369188925586578466846121567955425660541600507127664176605687427420032957716064344860620123982169,3009369188925586578466846121567955425660541600507127664176605687427420032957716064344860620123982169,True,False,1,,3009369188925586578466846121567955425660541600507127664176605687427420032957716064344860620123982169,3009369188925586578466846121567955425660541600507127664176605687427420032957716064344860620123982169,3009369188925586578466846121567955425660541600507127664176605687427420032957716064344860620123982169,3009369188925586578466846121567955425660541600507127664176605687427420032957716064344860620123982169,202
50000,49900,100,100,16,2,200,167,169,294,112718106910522900246574236041,3009369188925586578466846121567955425660541600507127664176605687427420032957716064344860620123982169,3009369188925586578466846121567955425660541600507127664176605687427420032957716064344860620123982169,True,False,1,,3009369188925586578466846121567955425660541600507127664176605687427420032957716064344860620123982169,3009369188925586578466846121567955425660541600507127664176605687427420032957716064344860620123982169,3009369188925586578466846121567955425660541600507127664176605687427420032957716064344860620123982169,3009369188925586578466846121567955425660541600507127664176605687427420032957716064344860620123982169,203
50000,49900,100,100,16,4,200,167,171,296,112718106910522900246574236041,3009369188925586578466846121567955425660541600507127664176605687427420032957716064344860620123982169,3009369188925586578466846121567955425660541600507127664176605687427420032957716064344860620123982169,True,False,1,,3009369188925586578466846121567955425660541600507127664176605687427420032957716064344860620123982169,3009369188925586578466846121567955425660541600507127664176605687427420032957716064344860620123982169,3009369188925586578466846121567955425660541600507127664176605687427420032957716064344860620123982169,3009369188925586578466846121567955425660541600507127664176605687427420032957716064344860620123982169,206
100000,99900,100,100,4,0,200,333,333,291,712790913767420805655493624646,4126002437968454377733902647251281941632007684873625176406596754069362175887930785591647877727473927,4126002437968454377733902647251281941632007684873625176406596754069362175887930785591647877727473927,True,False,1,,4126002437968454377733902647251281941632007684873625176406596754069362175887930785591647877727473927,4126002437968454377733902647251281941632007684873625176406596754069362175887930785591647877727473927,4126002437968454377733902647251281941632007684873625176406596754069362175887930785591647877727473927,4126002437968454377733902647251281941632007684873625176406596754069362175887930785591647877727473927,201
100000,99900,100,100,4,1,200,333,334,292,712790913767420805655493624646,4126002437968454377733902647251281941632007684873625176406596754069362175887930785591647877727473927,4126002437968454377733902647251281941632007684873625176406596754069362175887930785591647877727473927,True,False,1,,4126002437968454377733902647251281941632007684873625176406596754069362175887930785591647877727473927,4126002437968454377733902647251281941632007684873625176406596754069362175887930785591647877727473927,4126002437968454377733902647251281941632007684873625176406596754069362175887930785591647877727473927,4126002437968454377733902647251281941632007684873625176406596754069362175887930785591647877727473927,202
100000,99900,100,100,4,2,200,333,335,292,712790913767420805655493624646,4126002437968454377733902647251281941632007684873625176406596754069362175887930785591647877727473927,4126002437968454377733902647251281941632007684873625176406596754069362175887930785591647877727473927,True,False,1,,4126002437968454377733902647251281941632007684873625176406596754069362175887930785591647877727473927,4126002437968454377733902647251281941632007684873625176406596754069362175887930785591647877727473927,4126002437968454377733902647251281941632007684873625176406596754069362175887930785591647877727473927,4126002437968454377733902647251281941632007684873625176406596754069362175887930785591647877727473927,202
100000,99900,100,100,4,4,200,333,337,293,712790913767420805655493624646,4126002437968454377733902647251281941632007684873625176406596754069362175887930785591647877727473927,4126002437968454377733902647251281941632007684873625176406596754069362175887930785591647877727473927,True,False,1,,4126002437968454377733902647251281941632007684873625176406596754069362175887930785591647877727473927,4126002437968454377733902647251281941632007684873625176406596754069362175887930785591647877727473927,4126002437968454377733902647251281941632007684873625176406596754069362175887930785591647877727473927,4126002437968454377733902647251281941632007684873625176406596754069362175887930785591647877727473927,203
100000,99900,100,100,16,0,200,167,167,292,712790913767420805655493624646,4126002437968454377733902647251281941632007684873625176406596754069362175887930785591647877727473927,4126002437968454377733902647251281941632007684873625176406596754069362175887930785591647877727473927,True,False,1,,4126002437968454377733902647251281941632007684873625176406596754069362175887930785591647877727473927,4126002437968454377733902647251281941632007684873625176406596754069362175887930785591647877727473927,4126002437968454377733902647251281941632007684873625176406596754069362175887930785591647877727473927,4126002437968454377733902647251281941632007684873625176406596754069362175887930785591647877727473927,202
100000,99900,100,100,16,1,200,167,168,293,712790913767420805655493624646,4126002437968454377733902647251281941632007684873625176406596754069362175887930785591647877727473927,4126002437968454377733902647251281941632007684873625176406596754069362175887930785591647877727473927,True,False,1,,4126002437968454377733902647251281941632007684873625176406596754069362175887930785591647877727473927,4126002437968454377733902647251281941632007684873625176406596754069362175887930785591647877727473927,4126002437968454377733902647251281941632007684873625176406596754069362175887930785591647877727473927,4126002437968454377733902647251281941632007684873625176406596754069362175887930785591647877727473927,203
100000,99900,100,100,16,2,200,167,169,294,712790913767420805655493624646,4126002437968454377733902647251281941632007684873625176406596754069362175887930785591647877727473927,4126002437968454377733902647251281941632007684873625176406596754069362175887930785591647877727473927,True,False,1,,4126002437968454377733902647251281941632007684873625176406596754069362175887930785591647877727473927,4126002437968454377733902647251281941632007684873625176406596754069362175887930785591647877727473927,4126002437968454377733902647251281941632007684873625176406596754069362175887930785591647877727473927,4126002437968454377733902647251281941632007684873625176406596754069362175887930785591647877727473927,204
100000,99900,100,100,16,4,200,167,171,296,712790913767420805655493624646,4126002437968454377733902647251281941632007684873625176406596754069362175887930785591647877727473927,4126002437968454377733902647251281941632007684873625176406596754069362175887930785591647877727473927,True,False,1,,4126002437968454377733902647251281941632007684873625176406596754069362175887930785591647877727473927,4126002437968454377733902647251281941632007684873625176406596754069362175887930785591647877727473927,4126002437968454377733902647251281941632007684873625176406596754069362175887930785591647877727473927,4126002437968454377733902647251281941632007684873625176406596754069362175887930785591647877727473927,206
500000,499900,100,100,4,0,200,333,333,291,193325290740424876025138195242,6973910175637197534300447961782504311533150675825627353434762525391425152757047878437678852418719663,6973910175637197534300447961782504311533150675825627353434762525391425152757047878437678852418719663,True,False,1,,6973910175637197534300447961782504311533150675825627353434762525391425152757047878437678852418719663,6973910175637197534300447961782504311533150675825627353434762525391425152757047878437678852418719663,6973910175637197534300447961782504311533150675825627353434762525391425152757047878437678852418719663,6973910175637197534300447961782504311533150675825627353434762525391425152757047878437678852418719663,201
500000,499900,100,100,4,1,200,333,334,292,193325290740424876025138195242,6973910175637197534300447961782504311533150675825627353434762525391425152757047878437678852418719663,6973910175637197534300447961782504311533150675825627353434762525391425152757047878437678852418719663,True,False,1,,6973910175637197534300447961782504311533150675825627353434762525391425152757047878437678852418719663,6973910175637197534300447961782504311533150675825627353434762525391425152757047878437678852418719663,6973910175637197534300447961782504311533150675825627353434762525391425152757047878437678852418719663,6973910175637197534300447961782504311533150675825627353434762525391425152757047878437678852418719663,201
500000,499900,100,100,4,2,200,333,335,292,193325290740424876025138195242,6973910175637197534300447961782504311533150675825627353434762525391425152757047878437678852418719663,6973910175637197534300447961782504311533150675825627353434762525391425152757047878437678852418719663,True,False,1,,6973910175637197534300447961782504311533150675825627353434762525391425152757047878437678852418719663,6973910175637197534300447961782504311533150675825627353434762525391425152757047878437678852418719663,6973910175637197534300447961782504311533150675825627353434762525391425152757047878437678852418719663,6973910175637197534300447961782504311533150675825627353434762525391425152757047878437678852418719663,202
500000,499900,100,100,4,4,200,333,337,293,193325290740424876025138195242,6973910175637197534300447961782504311533150675825627353434762525391425152757047878437678852418719663,6973910175637197534300447961782504311533150675825627353434762525391425152757047878437678852418719663,True,False,1,,6973910175637197534300447961782504311533150675825627353434762525391425152757047878437678852418719663,6973910175637197534300447961782504311533150675825627353434762525391425152757047878437678852418719663,6973910175637197534300447961782504311533150675825627353434762525391425152757047878437678852418719663,6973910175637197534300447961782504311533150675825627353434762525391425152757047878437678852418719663,203
500000,499900,100,100,16,0,200,167,167,292,193325290740424876025138195242,6973910175637197534300447961782504311533150675825627353434762525391425152757047878437678852418719663,6973910175637197534300447961782504311533150675825627353434762525391425152757047878437678852418719663,True,False,1,,6973910175637197534300447961782504311533150675825627353434762525391425152757047878437678852418719663,6973910175637197534300447961782504311533150675825627353434762525391425152757047878437678852418719663,6973910175637197534300447961782504311533150675825627353434762525391425152757047878437678852418719663,6973910175637197534300447961782504311533150675825627353434762525391425152757047878437678852418719663,201
500000,499900,100,100,16,1,200,167,168,293,193325290740424876025138195242,6973910175637197534300447961782504311533150675825627353434762525391425152757047878437678852418719663,6973910175637197534300447961782504311533150675825627353434762525391425152757047878437678852418719663,True,False,1,,6973910175637197534300447961782504311533150675825627353434762525391425152757047878437678852418719663,6973910175637197534300447961782504311533150675825627353434762525391425152757047878437678852418719663,6973910175637197534300447961782504311533150675825627353434762525391425152757047878437678852418719663,6973910175637197534300447961782504311533150675825627353434762525391425152757047878437678852418719663,203
500000,499900,100,100,16,2,200,167,169,294,193325290740424876025138195242,6973910175637197534300447961782504311533150675825627353434762525391425152757047878437678852418719663,6973910175637197534300447961782504311533150675825627353434762525391425152757047878437678852418719663,True,False,1,,6973910175637197534300447961782504311533150675825627353434762525391425152757047878437678852418719663,6973910175637197534300447961782504311533150675825627353434762525391425152757047878437678852418719663,6973910175637197534300447961782504311533150675825627353434762525391425152757047878437678852418719663,6973910175637197534300447961782504311533150675825627353434762525391425152757047878437678852418719663,204
500000,499900,100,100,16,4,200,167,171,296,193325290740424876025138195242,6973910175637197534300447961782504311533150675825627353434762525391425152757047878437678852418719663,6973910175637197534300447961782504311533150675825627353434762525391425152757047878437678852418719663,True,False,1,,6973910175637197534300447961782504311533150675825627353434762525391425152757047878437678852418719663,6973910175637197534300447961782504311533150675825627353434762525391425152757047878437678852418719663,6973910175637197534300447961782504311533150675825627353434762525391425152757047878437678852418719663,6973910175637197534300447961782504311533150675825627353434762525391425152757047878437678852418719663,206
1000000,999900,100,100,4,0,200,333,333,291,996346460422090106105779458151,3092756283208453158465200102779723561292301260586353601164920990258745552140396979115340224158981324,3092756283208453158465200102779723561292301260586353601164920990258745552140396979115340224158981324,True,False,1,,3092756283208453158465200102779723561292301260586353601164920990258745552140396979115340224158981324,3092756283208453158465200102779723561292301260586353601164920990258745552140396979115340224158981324,3092756283208453158465200102779723561292301260586353601164920990258745552140396979115340224158981324,3092756283208453158465200102779723561292301260586353601164920990258745552140396979115340224158981324,199
1000000,999900,100,100,4,1,200,333,334,292,996346460422090106105779458151,3092756283208453158465200102779723561292301260586353601164920990258745552140396979115340224158981324,3092756283208453158465200102779723561292301260586353601164920990258745552140396979115340224158981324,True,False,1,,3092756283208453158465200102779723561292301260586353601164920990258745552140396979115340224158981324,3092756283208453158465200102779723561292301260586353601164920990258745552140396979115340224158981324,3092756283208453158465200102779723561292301260586353601164920990258745552140396979115340224158981324,3092756283208453158465200102779723561292301260586353601164920990258745552140396979115340224158981324,200
1000000,999900,100,100,4,2,200,333,335,292,996346460422090106105779458151,3092756283208453158465200102779723561292301260586353601164920990258745552140396979115340224158981324,3092756283208453158465200102779723561292301260586353601164920990258745552140396979115340224158981324,True,False,1,,3092756283208453158465200102779723561292301260586353601164920990258745552140396979115340224158981324,3092756283208453158465200102779723561292301260586353601164920990258745552140396979115340224158981324,3092756283208453158465200102779723561292301260586353601164920990258745552140396979115340224158981324,3092756283208453158465200102779723561292301260586353601164920990258745552140396979115340224158981324,201
1000000,999900,100,100,4,4,200,333,337,293,996346460422090106105779458151,3092756283208453158465200102779723561292301260586353601164920990258745552140396979115340224158981324,3092756283208453158465200102779723561292301260586353601164920990258745552140396979115340224158981324,True,False,1,,3092756283208453158465200102779723561292301260586353601164920990258745552140396979115340224158981324,3092756283208453158465200102779723561292301260586353601164920990258745552140396979115340224158981324,3092756283208453158465200102779723561292301260586353601164920990258745552140396979115340224158981324,3092756283208453158465200102779723561292301260586353601164920990258745552140396979115340224158981324,202
1000000,999900,100,100,16,0,200,167,167,292,996346460422090106105779458151,3092756283208453158465200102779723561292301260586353601164920990258745552140396979115340224158981324,3092756283208453158465200102779723561292301260586353601164920990258745552140396979115340224158981324,True,False,1,,3092756283208453158465200102779723561292301260586353601164920990258745552140396979115340224158981324,3092756283208453158465200102779723561292301260586353601164920990258745552140396979115340224158981324,3092756283208453158465200102779723561292301260586353601164920990258745552140396979115340224158981324,3092756283208453158465200102779723561292301260586353601164920990258745552140396979115340224158981324,200
1000000,999900,100,100,16,1,200,167,168,293,996346460422090106105779458151,3092756283208453158465200102779723561292301260586353601164920990258745552140396979115340224158981324,3092756283208453158465200102779723561292301260586353601164920990258745552140396979115340224158981324,True,False,1,,3092756283208453158465200102779723561292301260586353601164920990258745552140396979115340224158981324,3092756283208453158465200102779723561292301260586353601164920990258745552140396979115340224158981324,3092756283208453158465200102779723561292301260586353601164920990258745552140396979115340224158981324,3092756283208453158465200102779723561292301260586353601164920990258745552140396979115340224158981324,201
1000000,999900,100,100,16,2,200,167,169,294,996346460422090106105779458151,3092756283208453158465200102779723561292301260586353601164920990258745552140396979115340224158981324,3092756283208453158465200102779723561292301260586353601164920990258745552140396979115340224158981324,True,False,1,,3092756283208453158465200102779723561292301260586353601164920990258745552140396979115340224158981324,3092756283208453158465200102779723561292301260586353601164920990258745552140396979115340224158981324,3092756283208453158465200102779723561292301260586353601164920990258745552140396979115340224158981324,3092756283208453158465200102779723561292301260586353601164920990258745552140396979115340224158981324,202
1000000,999900,100,100,16,4,200,167,171,296,996346460422090106105779458151,3092756283208453158465200102779723561292301260586353601164920990258745552140396979115340224158981324,3092756283208453158465200102779723561292301260586353601164920990258745552140396979115340224158981324,True,False,1,,3092756283208453158465200102779723561292301260586353601164920990258745552140396979115340224158981324,3092756283208453158465200102779723561292301260586353601164920990258745552140396979115340224158981324,3092756283208453158465200102779723561292301260586353601164920990258745552140396979115340224158981324,3092756283208453158465200102779723561292301260586353601164920990258745552140396979115340224158981324,205
1500000,1499900,100,100,4,0,200,333,333,291,794715117319607737991914462295,2443520595016814213779537419131030028746318823960139328314993633816662265471213266946859790024094766,,False,True,2,,2443520595016814213779537419131030028746318823960139328314993633816662265471213266946859790024094766,2443520595016814213779537419131030028746318823960139328314993633816662265471213266946859790024094767,2443520595016814213779537419131030028746318823960139328314993633816662265471213266946859790024094766,2443520595016814213779537419131030028746318823960139328314993633816662265471213266946859790024094767,200
1500000,1499900,100,100,4,1,200,333,334,292,794715117319607737991914462295,2443520595016814213779537419131030028746318823960139328314993633816662265471213266946859790024094766,2443520595016814213779537419131030028746318823960139328314993633816662265471213266946859790024094766,True,False,1,,2443520595016814213779537419131030028746318823960139328314993633816662265471213266946859790024094766,2443520595016814213779537419131030028746318823960139328314993633816662265471213266946859790024094766,2443520595016814213779537419131030028746318823960139328314993633816662265471213266946859790024094766,2443520595016814213779537419131030028746318823960139328314993633816662265471213266946859790024094766,201
1500000,1499900,100,100,4,2,200,333,335,292,794715117319607737991914462295,2443520595016814213779537419131030028746318823960139328314993633816662265471213266946859790024094766,2443520595016814213779537419131030028746318823960139328314993633816662265471213266946859790024094766,True,False,1,,2443520595016814213779537419131030028746318823960139328314993633816662265471213266946859790024094766,2443520595016814213779537419131030028746318823960139328314993633816662265471213266946859790024094766,2443520595016814213779537419131030028746318823960139328314993633816662265471213266946859790024094766,2443520595016814213779537419131030028746318823960139328314993633816662265471213266946859790024094766,201
1500000,1499900,100,100,4,4,200,333,337,293,794715117319607737991914462295,2443520595016814213779537419131030028746318823960139328314993633816662265471213266946859790024094766,2443520595016814213779537419131030028746318823960139328314993633816662265471213266946859790024094766,True,False,1,,2443520595016814213779537419131030028746318823960139328314993633816662265471213266946859790024094766,2443520595016814213779537419131030028746318823960139328314993633816662265471213266946859790024094766,2443520595016814213779537419131030028746318823960139328314993633816662265471213266946859790024094766,2443520595016814213779537419131030028746318823960139328314993633816662265471213266946859790024094766,203
1500000,1499900,100,100,16,0,200,167,167,292,794715117319607737991914462295,2443520595016814213779537419131030028746318823960139328314993633816662265471213266946859790024094766,2443520595016814213779537419131030028746318823960139328314993633816662265471213266946859790024094766,True,False,1,,2443520595016814213779537419131030028746318823960139328314993633816662265471213266946859790024094766,2443520595016814213779537419131030028746318823960139328314993633816662265471213266946859790024094766,2443520595016814213779537419131030028746318823960139328314993633816662265471213266946859790024094766,2443520595016814213779537419131030028746318823960139328314993633816662265471213266946859790024094766,201
1500000,1499900,100,100,16,1,200,167,168,293,794715117319607737991914462295,2443520595016814213779537419131030028746318823960139328314993633816662265471213266946859790024094766,2443520595016814213779537419131030028746318823960139328314993633816662265471213266946859790024094766,True,False,1,,2443520595016814213779537419131030028746318823960139328314993633816662265471213266946859790024094766,2443520595016814213779537419131030028746318823960139328314993633816662265471213266946859790024094766,2443520595016814213779537419131030028746318823960139328314993633816662265471213266946859790024094766,2443520595016814213779537419131030028746318823960139328314993633816662265471213266946859790024094766,202
1500000,1499900,100,100,16,2,200,167,169,294,794715117319607737991914462295,2443520595016814213779537419131030028746318823960139328314993633816662265471213266946859790024094766,2443520595016814213779537419131030028746318823960139328314993633816662265471213266946859790024094766,True,False,1,,2443520595016814213779537419131030028746318823960139328314993633816662265471213266946859790024094766,2443520595016814213779537419131030028746318823960139328314993633816662265471213266946859790024094766,2443520595016814213779537419131030028746318823960139328314993633816662265471213266946859790024094766,2443520595016814213779537419131030028746318823960139328314993633816662265471213266946859790024094766,203
1500000,1499900,100,100,16,4,200,167,171,296,794715117319607737991914462295,2443520595016814213779537419131030028746318823960139328314993633816662265471213266946859790024094766,2443520595016814213779537419131030028746318823960139328314993633816662265471213266946859790024094766,True,False,1,,2443520595016814213779537419131030028746318823960139328314993633816662265471213266946859790024094766,2443520595016814213779537419131030028746318823960139328314993633816662265471213266946859790024094766,2443520595016814213779537419131030028746318823960139328314993633816662265471213266946859790024094766,2443520595016814213779537419131030028746318823960139328314993633816662265471213266946859790024094766,206
